nct_id,historical_first_results_label_version,first_results_attempt_version,first_results_posted_version,pre_episode_posted_version,results_episode_id,first_results_date,first_results_date_source,first_results_history_version_date,first_results_attempt_pcd,first_results_attempt_pcd_type,first_results_pcd,first_results_pcd_type,pre_first_results_pcd,pre_first_results_pcd_type,current_pcd,current_pcd_type,history_versions,posted_history_versions,review_not_passed_versions,pair_id,group
NCT04153409,2,2,2,1,NCT04153409:v2-v2,2021-03-03,resultsFirstSubmitDate,2021-03-03,2020-02-15,ACTUAL,2020-02-15,ACTUAL,2020-02-15,ACTUAL,2020-02-15,ACTUAL,4,4,0,1,fda_proxy
NCT03845075,4,4,4,3,NCT03845075:v4-v4,2022-06-20,resultsFirstSubmitDate,2024-02-09,2020-10-16,ACTUAL,2020-10-16,ACTUAL,2020-10-16,ACTUAL,2020-10-16,ACTUAL,5,5,0,1,nonfda_control
NCT04714216,5,5,6,4,NCT04714216:v5-v6,2023-08-11,resultsFirstSubmitDate,2023-08-11,2022-08-11,ACTUAL,2022-08-11,ACTUAL,2022-08-11,ACTUAL,2022-08-11,ACTUAL,7,6,1,2,fda_proxy
NCT05472870,2,2,2,1,NCT05472870:v2-v2,2023-05-23,resultsFirstSubmitDate,2024-08-15,2022-12-15,ACTUAL,2022-12-15,ACTUAL,2023-09,ESTIMATED,2022-12-15,ACTUAL,3,3,0,2,nonfda_control
NCT02471144,25,25,25,24,NCT02471144:v25-v25,2021-06-24,resultsFirstSubmitDate,2021-07-22,2018-12-13,ACTUAL,2018-12-13,ACTUAL,2018-12-13,ACTUAL,2018-12-13,ACTUAL,30,30,0,3,fda_proxy
NCT03261167,36,36,36,35,NCT03261167:v36-v36,2019-02-27,resultsFirstSubmitDate,2019-09-24,2018-03-20,ACTUAL,2018-03-20,ACTUAL,2018-03-20,ACTUAL,2018-03-20,ACTUAL,39,39,0,3,nonfda_control
NCT03890666,30,30,30,29,NCT03890666:v30-v30,2022-09-29,resultsFirstSubmitDate,2022-09-29,2021-10-04,ACTUAL,2021-10-04,ACTUAL,2021-10-04,ACTUAL,2021-10-04,ACTUAL,33,33,0,4,fda_proxy
NCT05257148,2,2,2,1,NCT05257148:v2-v2,2022-12-23,resultsFirstSubmitDate,2024-05-21,2021-12-22,ACTUAL,2021-12-22,ACTUAL,2021-12-21,ACTUAL,2021-12-22,ACTUAL,3,3,0,4,nonfda_control
NCT04373460,28,28,29,27,NCT04373460:v28-v29,2022-12-21,resultsFirstSubmitDate,2022-12-21,2022-01-14,ACTUAL,2022-01-14,ACTUAL,2022-01-14,ACTUAL,2022-01-14,ACTUAL,31,30,1,5,fda_proxy
NCT04556981,10,10,10,9,NCT04556981:v10-v10,2024-03-15,resultsFirstSubmitDate,2025-06-27,2022-08-12,ACTUAL,2022-08-12,ACTUAL,2022-08-12,ACTUAL,2022-08-12,ACTUAL,11,11,0,5,nonfda_control
NCT04181723,21,21,24,20,NCT04181723:v21-v24,2023-04-02,resultsFirstSubmitDate,2023-04-02,2021-10-28,ACTUAL,2021-10-28,ACTUAL,2021-10-28,ACTUAL,2021-10-28,ACTUAL,25,22,3,6,fda_proxy
NCT03486457,31,31,31,30,NCT03486457:v31-v31,2022-03-08,resultsFirstSubmitDate,2023-06-03,2021-04-28,ACTUAL,2021-04-28,ACTUAL,2021-04-28,ACTUAL,2021-04-28,ACTUAL,32,32,0,6,nonfda_control
NCT04598295,5,5,6,4,NCT04598295:v5-v6,2025-06-09,resultsFirstSubmitDate,2025-06-09,2022-10-17,ACTUAL,2022-10-17,ACTUAL,2022-10-17,ACTUAL,2022-10-17,ACTUAL,7,6,1,7,fda_proxy
NCT02970877,8,8,8,7,NCT02970877:v8-v8,2022-12-12,resultsFirstSubmitDate,2025-04-04,2022-06-30,ACTUAL,2022-06-30,ACTUAL,2022-06-30,ACTUAL,2022-06-30,ACTUAL,9,9,0,7,nonfda_control
NCT02264574,9,9,9,8,NCT02264574:v9-v9,2019-03-25,resultsFirstSubmitDate,2019-03-25,2018-03-26,ACTUAL,2018-03-26,ACTUAL,2018-03-26,ACTUAL,2018-03-26,ACTUAL,13,13,0,8,fda_proxy
NCT03837938,1,1,1,0,NCT03837938:v1-v1,2022-10-10,resultsFirstSubmitDate,2023-10-30,2018-03-06,ACTUAL,2018-03-06,ACTUAL,2018-03-06,ACTUAL,2018-03-06,ACTUAL,3,3,0,8,nonfda_control
NCT04405037,7,7,9,6,NCT04405037:v7-v9,2025-07-18,resultsFirstSubmitDate,2025-07-18,2024-04-02,ACTUAL,2024-04-02,ACTUAL,2024-08,ESTIMATED,2024-04-02,ACTUAL,10,8,2,9,fda_proxy
NCT03689114,4,4,4,3,NCT03689114:v4-v4,2025-03-24,resultsFirstSubmitDate,2025-07-07,2024-06-30,ACTUAL,2024-06-30,ACTUAL,2024-06-30,ESTIMATED,2024-06-30,ACTUAL,5,5,0,9,nonfda_control
NCT03747497,4,4,4,3,NCT03747497:v4-v4,2021-04-06,resultsFirstSubmitDate,2021-04-06,2019-03-26,ACTUAL,2019-03-26,ACTUAL,2019-03-26,ACTUAL,2019-03-26,ACTUAL,6,6,0,10,fda_proxy
NCT03802617,3,3,3,2,NCT03802617:v3-v3,2025-06-09,resultsFirstSubmitDate,2025-11-20,2019-10-22,ACTUAL,2019-10-22,ACTUAL,2019-10-22,ACTUAL,2019-10-22,ACTUAL,4,4,0,10,nonfda_control
NCT02297139,34,34,34,33,NCT02297139:v34-v34,2023-04-13,resultsFirstSubmitDate,2023-04-13,2022-05-15,ACTUAL,2022-05-15,ACTUAL,2022-05-15,ACTUAL,2022-05-15,ACTUAL,35,35,0,11,fda_proxy
NCT03900715,12,12,12,11,NCT03900715:v12-v12,2024-02-27,resultsFirstSubmitDate,2024-10-15,2022-07-01,ACTUAL,2022-07-01,ACTUAL,2022-07-01,ACTUAL,2022-07-01,ACTUAL,13,13,0,11,nonfda_control
NCT04144517,12,12,13,11,NCT04144517:v12-v13,2024-08-09,resultsFirstSubmitDate,2024-08-09,2021-10-08,ACTUAL,2021-10-08,ACTUAL,2021-10-08,ACTUAL,2021-10-08,ACTUAL,14,13,1,13,fda_proxy
NCT03711188,5,5,5,4,NCT03711188:v5-v5,2023-01-18,resultsFirstSubmitDate,2023-11-21,2021-12-02,ACTUAL,2021-12-02,ACTUAL,2021-12-02,ACTUAL,2021-12-02,ACTUAL,6,6,0,13,nonfda_control
NCT03996148,1,1,3,0,NCT03996148:v1-v3,2022-01-07,resultsFirstSubmitDate,2022-01-07,2018-09-19,ACTUAL,2018-09-19,ACTUAL,2018-09-19,ACTUAL,2018-09-19,ACTUAL,4,2,2,14,fda_proxy
NCT03006471,11,11,11,10,NCT03006471:v11-v11,2020-08-27,resultsFirstSubmitDate,2020-09-19,2018-03-30,ACTUAL,2018-03-30,ACTUAL,2018-03-30,ACTUAL,2018-03-30,ACTUAL,13,13,0,14,nonfda_control
NCT05116241,9,9,13,8,NCT05116241:v9-v13,2025-05-15,resultsFirstSubmitDate,2025-05-15,2024-05-15,ACTUAL,2024-05-15,ACTUAL,2024-05-15,ACTUAL,2024-05-15,ACTUAL,14,10,4,15,fda_proxy
NCT06077656,6,6,6,5,NCT06077656:v6-v6,2025-08-26,resultsFirstSubmitDate,2026-02-23,2024-05-24,ACTUAL,2024-05-24,ACTUAL,2024-05-24,ESTIMATED,2024-05-24,ACTUAL,7,7,0,15,nonfda_control
NCT03512301,8,8,11,7,NCT03512301:v8-v11,2025-02-14,resultsFirstSubmitDate,2025-02-14,2023-05-31,ACTUAL,2023-05-31,ACTUAL,2023-05-31,ACTUAL,2023-05-31,ACTUAL,12,9,3,16,fda_proxy
NCT04969822,5,5,5,4,NCT04969822:v5-v5,2024-10-03,resultsFirstSubmitDate,2024-11-25,2023-01-24,ACTUAL,2023-01-24,ACTUAL,2023-01-24,ACTUAL,2023-01-24,ACTUAL,6,6,0,16,nonfda_control
NCT05298774,6,6,7,5,NCT05298774:v6-v7,2025-07-03,resultsFirstSubmitDate,2025-07-03,2024-09-01,ACTUAL,2024-09-01,ACTUAL,2024-09-01,ACTUAL,2024-09-01,ACTUAL,8,7,1,17,fda_proxy
NCT06495775,2,2,2,1,NCT06495775:v2-v2,2025-12-09,resultsFirstSubmitDate,2026-01-29,2024-07-02,ACTUAL,2024-07-02,ACTUAL,2024-07-02,ACTUAL,2024-07-02,ACTUAL,3,3,0,17,nonfda_control
NCT04649177,4,4,5,3,NCT04649177:v4-v5,2023-05-15,resultsFirstSubmitDate,2023-05-15,2022-03-23,ACTUAL,2022-03-23,ACTUAL,2022-03-23,ACTUAL,2022-03-23,ACTUAL,6,5,1,18,fda_proxy
NCT05330234,2,2,2,1,NCT05330234:v2-v2,2023-03-31,resultsFirstSubmitDate,2023-03-31,2022-06-30,ACTUAL,2022-06-30,ACTUAL,2022-06-30,ACTUAL,2022-06-30,ACTUAL,5,5,0,18,nonfda_control
NCT02899962,35,35,36,34,NCT02899962:v35-v36,2020-07-10,resultsFirstSubmitDate,2020-07-10,2019-06-26,ACTUAL,2019-06-26,ACTUAL,2019-06-26,ACTUAL,2019-06-26,ACTUAL,37,36,1,19,fda_proxy
NCT04633564,1,1,1,0,NCT04633564:v1-v1,2021-01-11,resultsFirstSubmitDate,2021-01-11,2019-06-05,ACTUAL,2019-06-05,ACTUAL,2019-06-05,ACTUAL,2019-06-05,ACTUAL,3,3,0,19,nonfda_control
NCT05480111,2,2,3,1,NCT05480111:v2-v3,2024-02-24,resultsFirstSubmitDate,2024-02-24,2023-02-24,ACTUAL,2023-02-24,ACTUAL,2023-02-23,ACTUAL,2023-02-24,ACTUAL,4,3,1,20,fda_proxy
NCT05807945,1,1,1,0,NCT05807945:v1-v1,2023-10-15,resultsFirstSubmitDate,2024-10-10,2023-02-01,ACTUAL,2023-02-01,ACTUAL,2023-02-01,ACTUAL,2023-02-01,ACTUAL,2,2,0,20,nonfda_control
NCT03051256,7,7,10,6,NCT03051256:v7-v10,2020-09-09,resultsFirstSubmitDate,2020-09-21,2019-07-30,ACTUAL,2019-07-30,ACTUAL,2019-07-29,ACTUAL,2019-07-30,ACTUAL,12,9,3,21,fda_proxy
NCT03645421,5,5,5,4,NCT03645421:v5-v5,2019-12-05,resultsFirstSubmitDate,2019-12-05,2019-01-17,ACTUAL,2019-01-17,ACTUAL,2019-01-17,ACTUAL,2019-01-17,ACTUAL,6,6,0,21,nonfda_control
NCT03528551,85,85,87,84,NCT03528551:v85-v87,2021-07-22,resultsFirstSubmitDate,2021-07-22,2020-12-03,ACTUAL,2020-12-03,ACTUAL,2020-12-03,ACTUAL,2020-12-03,ACTUAL,90,88,2,22,fda_proxy
NCT03696108,30,30,30,29,NCT03696108:v30-v30,2021-09-30,resultsFirstSubmitDate,2021-09-30,2020-10-07,ACTUAL,2020-10-07,ACTUAL,2020-10-07,ACTUAL,2020-10-07,ACTUAL,31,31,0,22,nonfda_control
NCT03030989,6,6,6,5,NCT03030989:v6-v6,2020-09-30,resultsFirstSubmitDate,2020-11-16,2019-01-02,ACTUAL,2019-01-02,ACTUAL,2019-01-02,ACTUAL,2019-01-02,ACTUAL,7,7,0,23,fda_proxy
NCT03190694,4,4,4,3,NCT03190694:v4-v4,2022-11-14,resultsFirstSubmitDate,2024-01-04,2019-11-01,ACTUAL,2019-11-01,ACTUAL,2019-11-01,ESTIMATED,2019-11-01,ACTUAL,5,5,0,23,nonfda_control
NCT04593940,31,31,33,30,NCT04593940:v31-v33,2023-01-23,resultsFirstSubmitDate,2023-01-23,2022-01-30,ACTUAL,2022-01-30,ACTUAL,2022-01-30,ACTUAL,2022-01-30,ACTUAL,35,33,2,24,fda_proxy
NCT03614494,6,6,6,5,NCT03614494:v6-v6,2023-01-07,resultsFirstSubmitDate,2023-11-28,2022-10-05,ACTUAL,2022-10-05,ACTUAL,2022-10-05,ACTUAL,2022-10-05,ACTUAL,7,7,0,24,nonfda_control
NCT00411632,23,23,23,22,NCT00411632:v23-v23,2019-09-03,resultsFirstSubmitDate,2020-01-10,2018-02-23,ACTUAL,2018-02-23,ACTUAL,2018-02-23,ACTUAL,2018-02-23,ACTUAL,25,25,0,25,fda_proxy
NCT03222856,8,8,8,7,NCT03222856:v8-v8,2024-09-09,resultsFirstSubmitDate,2025-01-28,2018-10-31,ACTUAL,2018-10-31,ACTUAL,2018-10-31,ACTUAL,2018-10-31,ACTUAL,10,10,0,25,nonfda_control
NCT02796391,31,31,31,30,NCT02796391:v31-v31,2022-09-19,resultsFirstSubmitDate,2022-09-19,2021-08-24,ACTUAL,2021-08-24,ACTUAL,2022-04-02,ACTUAL,2021-08-24,ACTUAL,34,34,0,26,fda_proxy
NCT04516759,16,16,16,15,NCT04516759:v16-v16,2022-04-12,resultsFirstSubmitDate,2022-04-21,2021-04-25,ACTUAL,2021-04-25,ACTUAL,2021-04-25,ACTUAL,2021-04-25,ACTUAL,17,17,0,26,nonfda_control
NCT02419508,16,16,16,15,NCT02419508:v16-v16,2018-10-16,resultsFirstSubmitDate,2018-11-13,2018-02-27,ACTUAL,2018-02-27,ACTUAL,2018-02,ACTUAL,2018-02-27,ACTUAL,17,17,0,27,fda_proxy
NCT03223909,3,3,3,2,NCT03223909:v3-v3,2019-06-05,resultsFirstSubmitDate,2019-10-30,2018-10-16,ACTUAL,2018-10-16,ACTUAL,2018-10-16,ACTUAL,2018-10-16,ACTUAL,4,4,0,27,nonfda_control
NCT04688346,1,1,2,0,NCT04688346:v1-v2,2021-03-19,resultsFirstSubmitDate,2021-03-19,2019-11-30,ACTUAL,2019-11-30,ACTUAL,2019-11-30,ACTUAL,2019-11-30,ACTUAL,3,2,1,28,fda_proxy
NCT03753113,5,5,5,4,NCT03753113:v5-v5,2020-01-18,resultsFirstSubmitDate,2020-03-01,2019-09-02,ACTUAL,2019-09-02,ACTUAL,2019-04,ESTIMATED,2019-09-02,ACTUAL,6,6,0,28,nonfda_control
NCT02666742,6,6,7,5,NCT02666742:v6-v7,2021-07-30,resultsFirstSubmitDate,2021-07-30,2020-05-01,ACTUAL,2020-05-01,ACTUAL,2018-05-01,ACTUAL,2020-05-01,ACTUAL,9,8,1,29,fda_proxy
NCT03403517,7,7,7,6,NCT03403517:v7-v7,2020-12-08,resultsFirstSubmitDate,2020-12-08,2020-08-28,ACTUAL,2020-08-28,ACTUAL,2020-08-28,ACTUAL,2020-08-28,ACTUAL,8,8,0,29,nonfda_control
NCT03476317,9,9,11,8,NCT03476317:v9-v11,2021-11-23,resultsFirstSubmitDate,2021-11-23,2020-12-31,ACTUAL,2020-12-31,ACTUAL,2020-12-31,ACTUAL,2020-12-31,ACTUAL,12,10,2,30,fda_proxy
NCT04410159,4,4,4,3,NCT04410159:v4-v4,2020-07-08,resultsFirstSubmitDate,2020-07-17,2020-06-29,ACTUAL,2020-06-29,ACTUAL,2020-07-15,ESTIMATED,2020-06-29,ACTUAL,5,5,0,30,nonfda_control
NCT04905290,8,8,9,7,NCT04905290:v8-v9,2024-11-01,resultsFirstSubmitDate,2024-11-01,2023-11-02,ACTUAL,2023-11-02,ACTUAL,2023-11-02,ACTUAL,2023-04-18,ACTUAL,12,11,1,31,fda_proxy
NCT05363163,3,3,3,2,NCT05363163:v3-v3,2025-01-28,resultsFirstSubmitDate,2025-02-20,2023-04-25,ACTUAL,2023-04-25,ACTUAL,2023-04-25,ACTUAL,2023-04-25,ACTUAL,4,4,0,31,nonfda_control
NCT02989844,18,18,21,17,NCT02989844:v18-v21,2023-07-24,resultsFirstSubmitDate,2023-07-24,2022-03-19,ACTUAL,2022-03-19,ACTUAL,2022-03-19,ACTUAL,2022-03-19,ACTUAL,22,19,3,32,fda_proxy
NCT04231981,15,15,15,14,NCT04231981:v15-v15,2023-03-15,resultsFirstSubmitDate,2025-05-27,2022-02-15,ACTUAL,2022-02-15,ACTUAL,2023-06-01,ESTIMATED,2022-02-15,ACTUAL,16,16,0,32,nonfda_control
NCT03127514,41,41,42,40,NCT03127514:v41-v42,2021-05-16,resultsFirstSubmitDate,2021-05-16,2019-09-25,ACTUAL,2019-09-25,ACTUAL,2019-09-25,ACTUAL,2019-09-25,ACTUAL,44,43,1,33,fda_proxy
NCT03706209,2,2,2,1,NCT03706209:v2-v2,2023-11-23,resultsFirstSubmitDate,2024-10-01,2019-06-12,ACTUAL,2019-06-12,ACTUAL,2019-06-12,ACTUAL,2019-06-12,ACTUAL,3,3,0,33,nonfda_control
NCT03672344,9,9,10,8,NCT03672344:v9-v10,2022-05-20,resultsFirstSubmitDate,2022-05-20,2020-02-19,ACTUAL,2020-02-19,ACTUAL,2022-01-31,ESTIMATED,2020-02-19,ACTUAL,11,10,1,34,fda_proxy
NCT03283241,4,4,4,3,NCT03283241:v4-v4,2021-11-08,resultsFirstSubmitDate,2022-01-21,2020-07-30,ACTUAL,2020-07-30,ACTUAL,2020-07-30,ESTIMATED,2020-07-30,ACTUAL,5,5,0,34,nonfda_control
NCT03992846,10,10,11,9,NCT03992846:v10-v11,2024-04-03,resultsFirstSubmitDate,2024-04-03,2021-10-18,ACTUAL,2021-10-18,ACTUAL,2021-10-18,ACTUAL,2021-10-18,ACTUAL,13,12,1,35,fda_proxy
NCT04198363,12,12,12,11,NCT04198363:v12-v12,2022-10-26,resultsFirstSubmitDate,2022-10-26,2021-11-01,ACTUAL,2021-11-01,ACTUAL,2021-11-01,ACTUAL,2021-11-01,ACTUAL,13,13,0,35,nonfda_control
NCT03978520,39,39,39,38,NCT03978520:v39-v39,2023-06-27,resultsFirstSubmitDate,2023-06-27,2022-01-19,ACTUAL,2022-01-19,ACTUAL,2022-01-19,ACTUAL,2022-01-19,ACTUAL,40,40,0,36,fda_proxy
NCT03671330,41,41,41,40,NCT03671330:v41-v41,2026-02-06,resultsFirstSubmitDate,2026-06-11,2022-04-25,ACTUAL,2022-04-25,ACTUAL,2022-04-25,ACTUAL,2022-04-25,ACTUAL,42,42,0,36,nonfda_control
NCT04464707,83,83,84,82,NCT04464707:v83-v84,2025-11-10,resultsFirstSubmitDate,2025-11-10,2024-11-29,ACTUAL,2024-11-29,ACTUAL,2024-11-29,ACTUAL,2024-11-29,ACTUAL,85,84,1,37,fda_proxy
NCT05999435,19,19,19,18,NCT05999435:v19-v19,2025-09-09,resultsFirstSubmitDate,2025-12-15,2024-08-05,ACTUAL,2024-08-05,ACTUAL,2024-08-05,ACTUAL,2024-08-05,ACTUAL,20,20,0,37,nonfda_control
NCT07145541,1,1,2,0,NCT07145541:v1-v2,2025-10-02,resultsFirstSubmitDate,2025-10-02,2024-10-10,ACTUAL,2024-10-10,ACTUAL,2024-10-10,ACTUAL,2024-10-10,ACTUAL,3,2,1,38,fda_proxy
NCT05757427,4,4,4,3,NCT05757427:v4-v4,2025-09-17,resultsFirstSubmitDate,2025-11-13,2024-06-13,ACTUAL,2024-06-13,ACTUAL,2024-06-13,ACTUAL,2024-06-13,ACTUAL,5,5,0,38,nonfda_control
NCT03873493,9,9,10,8,NCT03873493:v9-v10,2022-10-27,resultsFirstSubmitDate,2022-10-27,2021-11-04,ACTUAL,2021-11-04,ACTUAL,2021-11-04,ACTUAL,2021-11-04,ACTUAL,11,10,1,39,fda_proxy
NCT03988608,20,20,20,19,NCT03988608:v20-v20,2024-05-09,resultsFirstSubmitDate,2025-01-08,2021-07-16,ACTUAL,2021-07-16,ACTUAL,2021-07-16,ACTUAL,2021-07-16,ACTUAL,22,22,0,39,nonfda_control
NCT04072315,4,4,6,3,NCT04072315:v4-v6,2023-07-17,resultsFirstSubmitDate,2023-07-17,2022-07-05,ACTUAL,2022-06-27,ACTUAL,2022-07-05,ACTUAL,2022-06-27,ACTUAL,7,5,2,40,fda_proxy
NCT02534909,27,27,27,26,NCT02534909:v27-v27,2023-05-22,resultsFirstSubmitDate,2024-08-15,2022-05-24,ACTUAL,2022-05-24,ACTUAL,2022-05-24,ACTUAL,2022-05-24,ACTUAL,29,29,0,40,nonfda_control
NCT03878745,2,2,2,1,NCT03878745:v2-v2,2019-10-31,resultsFirstSubmitDate,2020-05-06,2019-06-14,ACTUAL,2019-06-14,ACTUAL,,,2019-06-14,ACTUAL,3,3,0,41,fda_proxy
NCT02941627,3,3,3,2,NCT02941627:v3-v3,2020-04-21,resultsFirstSubmitDate,2021-10-13,2019-11-22,ACTUAL,2019-11-22,ACTUAL,2017-12,ESTIMATED,2019-11-22,ACTUAL,4,4,0,41,nonfda_control
NCT02274493,13,13,13,12,NCT02274493:v13-v13,2018-12-04,resultsFirstSubmitDate,2019-02-21,2018-03-07,ACTUAL,2018-03-07,ACTUAL,2018-03-07,ACTUAL,2018-03-07,ACTUAL,15,15,0,42,fda_proxy
NCT03321396,3,3,3,2,NCT03321396:v3-v3,2019-08-21,resultsFirstSubmitDate,2019-10-08,2018-08-20,ACTUAL,2018-08-20,ACTUAL,2018-08-20,ACTUAL,2018-08-20,ACTUAL,5,5,0,42,nonfda_control
NCT03334396,33,33,33,32,NCT03334396:v33-v33,2019-12-05,resultsFirstSubmitDate,2020-01-13,2018-12-06,ACTUAL,2018-12-06,ACTUAL,2019-01-04,ACTUAL,2018-12-06,ACTUAL,35,35,0,43,fda_proxy
NCT03084237,6,6,6,5,NCT03084237:v6-v6,2022-12-20,resultsFirstSubmitDate,2024-04-27,2018-11-23,ACTUAL,2018-11-23,ACTUAL,2018-11-23,ACTUAL,2018-11-23,ACTUAL,7,7,0,43,nonfda_control
NCT01307501,19,19,19,18,NCT01307501:v19-v19,2019-09-06,resultsFirstSubmitDate,2019-09-06,2018-08-30,ACTUAL,2018-08-30,ACTUAL,2018-08-30,ACTUAL,2018-08-30,ACTUAL,24,24,0,44,fda_proxy
NCT03221660,4,4,4,3,NCT03221660:v4-v4,2020-10-09,resultsFirstSubmitDate,2020-11-20,2018-04-03,ACTUAL,2018-04-03,ACTUAL,2018-04-03,ACTUAL,2018-04-03,ACTUAL,9,9,0,44,nonfda_control
NCT01792115,101,101,101,100,NCT01792115:v101-v101,2020-09-21,resultsFirstSubmitDate,2020-09-21,2019-08-30,ACTUAL,2019-08-30,ACTUAL,2019-08-30,ACTUAL,2019-08-30,ACTUAL,103,103,0,45,fda_proxy
NCT03378921,5,5,5,4,NCT03378921:v5-v5,2021-04-01,resultsFirstSubmitDate,2021-04-01,2019-09-25,ACTUAL,2019-09-25,ACTUAL,2019-09-25,ACTUAL,2019-09-25,ACTUAL,6,6,0,45,nonfda_control
NCT05084963,8,8,9,7,NCT05084963:v8-v9,2025-03-27,resultsFirstSubmitDate,2025-03-27,2022-10-24,ACTUAL,2022-10-24,ACTUAL,2022-10-24,ACTUAL,2022-10-24,ACTUAL,10,9,1,46,fda_proxy
NCT04007406,4,4,4,3,NCT04007406:v4-v4,2023-12-06,resultsFirstSubmitDate,2024-10-03,2022-05-02,ACTUAL,2022-05-02,ACTUAL,2022-05-02,ACTUAL,2022-05-02,ACTUAL,5,5,0,46,nonfda_control
NCT04249778,6,6,6,5,NCT04249778:v6-v6,2023-03-03,resultsFirstSubmitDate,2023-03-03,2022-03-03,ACTUAL,2022-03-03,ACTUAL,2022-03-03,ACTUAL,2022-03-03,ACTUAL,8,8,0,47,fda_proxy
NCT04471246,6,6,6,5,NCT04471246:v6-v6,2023-04-14,resultsFirstSubmitDate,2024-12-04,2022-02-23,ACTUAL,2022-02-23,ACTUAL,2022-02-23,ACTUAL,2022-02-23,ACTUAL,7,7,0,47,nonfda_control
NCT03053362,2,2,3,1,NCT03053362:v2-v3,2021-11-15,resultsFirstSubmitDate,2021-11-15,2018-08-08,ACTUAL,2018-08-08,ACTUAL,2018-08-08,ACTUAL,2018-08-08,ACTUAL,5,4,1,48,fda_proxy
NCT03315949,2,2,2,1,NCT03315949:v2-v2,2020-07-28,resultsFirstSubmitDate,2020-08-12,2018-02-28,ACTUAL,2018-02-28,ACTUAL,2018-02-28,ACTUAL,2018-02-28,ACTUAL,3,3,0,48,nonfda_control
NCT03318393,7,7,9,6,NCT03318393:v7-v9,2022-10-11,resultsFirstSubmitDate,2022-10-13,2021-10-08,ACTUAL,2021-10-08,ACTUAL,2021-10-08,ACTUAL,2021-10-08,ACTUAL,10,8,2,49,fda_proxy
NCT03846544,7,7,7,6,NCT03846544:v7-v7,2023-10-23,resultsFirstSubmitDate,2023-10-23,2021-09-15,ACTUAL,2021-09-15,ACTUAL,2021-09-15,ACTUAL,2021-09-15,ACTUAL,9,9,0,49,nonfda_control
NCT03367793,9,9,11,8,NCT03367793:v9-v11,2021-03-29,resultsFirstSubmitDate,2021-03-29,2019-06-10,ACTUAL,2019-06-10,ACTUAL,2019-06-10,ACTUAL,2019-06-10,ACTUAL,12,10,2,50,fda_proxy
NCT03219892,1,1,1,0,NCT03219892:v1-v1,2020-06-28,resultsFirstSubmitDate,2021-04-22,2019-12-01,ACTUAL,2019-12-01,ACTUAL,2018-12-01,ESTIMATED,2019-12-01,ACTUAL,2,2,0,50,nonfda_control
NCT03241459,14,14,17,13,NCT03241459:v14-v17,2023-08-23,resultsFirstSubmitDate,2023-08-23,2020-09-15,ACTUAL,2020-09-15,ACTUAL,2020-09-15,ACTUAL,2020-09-15,ACTUAL,19,16,3,51,fda_proxy
NCT03897465,3,3,3,2,NCT03897465:v3-v3,2024-06-06,resultsFirstSubmitDate,2025-02-06,2020-12-06,ACTUAL,2020-12-06,ACTUAL,2020-12-06,ACTUAL,2020-12-06,ACTUAL,5,5,0,51,nonfda_control
NCT03064217,12,12,14,11,NCT03064217:v12-v14,2024-12-10,resultsFirstSubmitDate,2024-12-10,2021-12-30,ACTUAL,2021-12-30,ACTUAL,2021-12-30,ACTUAL,2021-12-30,ACTUAL,15,13,2,52,fda_proxy
NCT04780919,1,1,1,0,NCT04780919:v1-v1,2021-04-12,resultsFirstSubmitDate,2021-05-06,2021-04-02,ACTUAL,2021-04-02,ACTUAL,2021-03,ESTIMATED,2021-04-02,ACTUAL,3,3,0,52,nonfda_control
NCT04766892,18,18,19,17,NCT04766892:v18-v19,2025-02-21,resultsFirstSubmitDate,2025-02-21,2024-02-26,ACTUAL,2024-02-26,ACTUAL,2024-02-26,ACTUAL,2024-02-26,ACTUAL,20,19,1,53,fda_proxy
NCT03943589,13,13,13,12,NCT03943589:v13-v13,2025-02-25,resultsFirstSubmitDate,2025-03-21,2024-02-27,ACTUAL,2024-02-27,ACTUAL,2024-02-27,ACTUAL,2024-02-27,ACTUAL,14,14,0,53,nonfda_control
NCT03077711,3,3,3,2,NCT03077711:v3-v3,2019-12-12,resultsFirstSubmitDate,2020-01-10,2019-06-21,ACTUAL,2019-06-21,ACTUAL,2019-06,ESTIMATED,2019-06-21,ACTUAL,4,4,0,54,fda_proxy
NCT04205669,2,2,2,1,NCT04205669:v2-v2,2020-07-08,resultsFirstSubmitDate,2020-10-21,2019-02-21,ACTUAL,2019-02-21,ACTUAL,2019-02-21,ACTUAL,2019-02-21,ACTUAL,3,3,0,54,nonfda_control
NCT04801368,9,9,10,8,NCT04801368:v9-v10,2024-12-04,resultsFirstSubmitDate,2024-12-04,2024-01-07,ACTUAL,2024-01-07,ACTUAL,2024-01-07,ACTUAL,2024-01-07,ACTUAL,11,10,1,55,fda_proxy
NCT05648201,3,3,3,2,NCT05648201:v3-v3,2025-12-31,resultsFirstSubmitDate,2026-03-31,2024-11-01,ACTUAL,2024-11-01,ACTUAL,2024-11-01,ESTIMATED,2024-11-01,ACTUAL,4,4,0,55,nonfda_control
NCT05425927,8,8,12,7,NCT05425927:v8-v12,2024-12-18,resultsFirstSubmitDate,2024-12-18,2024-02-10,ACTUAL,2024-02-10,ACTUAL,,,2024-02-10,ACTUAL,13,9,4,56,fda_proxy
NCT05892341,5,5,5,4,NCT05892341:v5-v5,2024-05-14,resultsFirstSubmitDate,2025-12-01,2024-02-14,ACTUAL,2024-02-14,ACTUAL,2024-02-14,ACTUAL,2024-02-14,ACTUAL,6,6,0,56,nonfda_control
NCT04599296,7,7,10,6,NCT04599296:v7-v10,2024-12-31,resultsFirstSubmitDate,2024-12-31,2023-12-31,ACTUAL,2023-12-31,ACTUAL,2023-12-31,ACTUAL,2023-12-31,ACTUAL,11,8,3,57,fda_proxy
NCT05533190,5,5,5,4,NCT05533190:v5-v5,2023-11-22,resultsFirstSubmitDate,2025-01-30,2023-07-23,ACTUAL,2023-07-23,ACTUAL,2023-10-31,ESTIMATED,2023-07-23,ACTUAL,6,6,0,57,nonfda_control
NCT04627038,26,26,26,25,NCT04627038:v26-v26,2023-10-09,resultsFirstSubmitDate,2023-10-09,2021-10-21,ACTUAL,2021-10-21,ACTUAL,2021-10-21,ACTUAL,2021-10-21,ACTUAL,27,27,0,58,fda_proxy
NCT04532931,6,6,6,5,NCT04532931:v6-v6,2023-07-25,resultsFirstSubmitDate,2025-07-08,2021-08-05,ACTUAL,2021-08-05,ACTUAL,2021-08-05,ACTUAL,2021-08-05,ACTUAL,7,7,0,58,nonfda_control
NCT04196686,4,4,4,3,NCT04196686:v4-v4,2022-02-28,resultsFirstSubmitDate,2022-02-28,2021-03-04,ACTUAL,2021-03-04,ACTUAL,2021-03-04,ACTUAL,2021-03-04,ACTUAL,5,5,0,59,fda_proxy
NCT03446027,7,7,7,6,NCT03446027:v7-v7,2022-07-08,resultsFirstSubmitDate,2024-04-09,2021-03-31,ACTUAL,2021-03-31,ACTUAL,2021-03-31,ACTUAL,2021-03-31,ACTUAL,9,9,0,59,nonfda_control
NCT06357221,3,3,4,2,NCT06357221:v3-v4,2026-04-20,resultsFirstSubmitDate,2026-04-20,2024-07-18,ACTUAL,2024-07-18,ACTUAL,2024-07-18,ACTUAL,2024-07-18,ACTUAL,5,4,1,60,fda_proxy
NCT02842749,17,17,17,16,NCT02842749:v17-v17,2025-01-21,resultsFirstSubmitDate,2025-01-21,2024-02-22,ACTUAL,2024-02-22,ACTUAL,2024-02-22,ACTUAL,2024-02-22,ACTUAL,18,18,0,60,nonfda_control
NCT04433585,52,52,52,51,NCT04433585:v52-v52,2024-03-27,resultsFirstSubmitDate,2024-03-27,2023-01-10,ACTUAL,2023-01-10,ACTUAL,2023-01-10,ACTUAL,2023-01-10,ACTUAL,53,53,0,61,fda_proxy
NCT05460832,7,7,7,6,NCT05460832:v7-v7,2025-02-28,resultsFirstSubmitDate,2025-04-07,2023-12-28,ACTUAL,2023-12-28,ACTUAL,2023-12-28,ACTUAL,2023-12-28,ACTUAL,8,8,0,61,nonfda_control
NCT04315272,8,8,8,7,NCT04315272:v8-v8,2023-06-01,resultsFirstSubmitDate,2023-06-01,2022-06-01,ACTUAL,2022-06-01,ACTUAL,2022-06-01,ACTUAL,2022-06-01,ACTUAL,10,10,0,62,fda_proxy
NCT03505788,6,6,6,5,NCT03505788:v6-v6,2023-12-05,resultsFirstSubmitDate,2024-08-07,2022-01-20,ACTUAL,2022-01-20,ACTUAL,2022-01-20,ACTUAL,2022-01-20,ACTUAL,7,7,0,62,nonfda_control
NCT03550209,7,7,8,6,NCT03550209:v7-v8,2021-01-21,resultsFirstSubmitDate,2021-01-21,2020-01-10,ACTUAL,2020-01-10,ACTUAL,2020-01-10,ACTUAL,2020-01-10,ACTUAL,10,9,1,63,fda_proxy
NCT03282799,11,11,11,10,NCT03282799:v11-v11,2024-03-14,resultsFirstSubmitDate,2024-08-30,2020-12-22,ACTUAL,2020-12-22,ACTUAL,2020-12-22,ACTUAL,2020-12-22,ACTUAL,12,12,0,63,nonfda_control
NCT03523702,11,11,12,10,NCT03523702:v11-v12,2024-09-27,resultsFirstSubmitDate,2024-09-27,2022-11-18,ACTUAL,2022-11-18,ACTUAL,2022-11-18,ACTUAL,2022-11-18,ACTUAL,15,14,1,64,fda_proxy
NCT02662062,11,11,11,10,NCT02662062:v11-v11,2024-05-22,resultsFirstSubmitDate,2024-12-16,2022-05-12,ACTUAL,2022-05-12,ACTUAL,2022-05-12,ACTUAL,2022-05-12,ACTUAL,12,12,0,64,nonfda_control
NCT03855137,27,27,27,26,NCT03855137:v27-v27,2023-01-18,resultsFirstSubmitDate,2023-01-18,2022-01-20,ACTUAL,2022-01-20,ACTUAL,2022-01-20,ACTUAL,2022-01-20,ACTUAL,28,28,0,65,fda_proxy
NCT03888131,5,5,5,4,NCT03888131:v5-v5,2026-01-21,resultsFirstSubmitDate,2026-04-20,2022-05-06,ACTUAL,2022-05-06,ACTUAL,2022-05-06,ACTUAL,2022-05-06,ACTUAL,6,6,0,65,nonfda_control
NCT03226418,16,16,21,15,NCT03226418:v16-v21,2025-04-08,resultsFirstSubmitDate,2025-04-08,2024-03-16,ACTUAL,2024-03-16,ACTUAL,2024-03-16,ACTUAL,2024-03-16,ACTUAL,23,18,5,66,fda_proxy
NCT03388190,10,10,10,9,NCT03388190:v10-v10,2024-07-30,resultsFirstSubmitDate,2026-01-28,2024-03-18,ACTUAL,2024-03-18,ACTUAL,2024-06-30,ESTIMATED,2024-03-18,ACTUAL,11,11,0,66,nonfda_control
NCT06279871,5,5,7,4,NCT06279871:v5-v7,2025-10-07,resultsFirstSubmitDate,2025-10-07,2024-10-09,ACTUAL,2024-10-09,ACTUAL,2024-10-09,ACTUAL,2024-10-09,ACTUAL,8,6,2,67,fda_proxy
NCT04063163,4,4,4,3,NCT04063163:v4-v4,2025-04-09,resultsFirstSubmitDate,2025-12-07,2024-05-07,ACTUAL,2024-05-07,ACTUAL,2021-10-22,ACTUAL,2024-05-07,ACTUAL,5,5,0,67,nonfda_control
NCT05055453,3,3,4,2,NCT05055453:v3-v4,2024-04-15,resultsFirstSubmitDate,2024-04-15,2022-12-08,ACTUAL,2022-12-08,ACTUAL,2022-12-05,ACTUAL,2022-12-08,ACTUAL,5,4,1,68,fda_proxy
NCT03651336,4,4,4,3,NCT03651336:v4-v4,2025-03-20,resultsFirstSubmitDate,2025-05-08,2022-04-27,ACTUAL,2022-04-27,ACTUAL,2022-04-27,ACTUAL,2022-04-27,ACTUAL,5,5,0,68,nonfda_control
NCT03539549,4,4,4,3,NCT03539549:v4-v4,2020-07-17,resultsFirstSubmitDate,2020-07-17,2019-02-27,ACTUAL,2019-02-27,ACTUAL,2019-02-27,ACTUAL,2019-02-27,ACTUAL,5,5,0,69,fda_proxy
NCT04004221,9,9,9,8,NCT04004221:v9-v9,2022-03-01,resultsFirstSubmitDate,2022-06-07,2019-09-16,ACTUAL,2019-09-16,ACTUAL,2019-02-28,ACTUAL,2019-09-16,ACTUAL,11,11,0,69,nonfda_control
NCT03080142,6,6,7,5,NCT03080142:v6-v7,2020-11-16,resultsFirstSubmitDate,2020-11-16,2019-05-29,ACTUAL,2019-05-29,ACTUAL,2019-07-01,ACTUAL,2019-05-29,ACTUAL,8,7,1,70,fda_proxy
NCT04102956,1,1,1,0,NCT04102956:v1-v1,2020-12-19,resultsFirstSubmitDate,2021-02-26,2019-03-01,ACTUAL,2019-03-01,ACTUAL,2019-03-01,ACTUAL,2019-03-01,ACTUAL,2,2,0,70,nonfda_control
NCT04163991,21,21,22,20,NCT04163991:v21-v22,2022-12-16,resultsFirstSubmitDate,2022-12-16,2021-12-28,ACTUAL,2021-12-28,ACTUAL,2021-12-28,ACTUAL,2021-12-28,ACTUAL,24,23,1,71,fda_proxy
NCT03813199,5,5,5,4,NCT03813199:v5-v5,2022-02-03,resultsFirstSubmitDate,2022-02-03,2021-04-27,ACTUAL,2021-04-27,ACTUAL,2021-04,ESTIMATED,2021-04-27,ACTUAL,7,7,0,71,nonfda_control
NCT04681729,17,17,17,16,NCT04681729:v17-v17,2024-01-29,resultsFirstSubmitDate,2024-01-29,2023-02-02,ACTUAL,2023-02-02,ACTUAL,2023-02-02,ACTUAL,2023-02-02,ACTUAL,19,19,0,72,fda_proxy
NCT04889118,9,9,9,8,NCT04889118:v9-v9,2024-01-05,resultsFirstSubmitDate,2024-07-03,2023-01-18,ACTUAL,2023-01-18,ACTUAL,2023-01-18,ACTUAL,2023-01-18,ACTUAL,13,13,0,72,nonfda_control
NCT04091672,32,32,33,31,NCT04091672:v32-v33,2023-07-24,resultsFirstSubmitDate,2023-07-24,2022-03-07,ACTUAL,2022-03-07,ACTUAL,2022-03-07,ACTUAL,2022-03-07,ACTUAL,35,34,1,73,fda_proxy
NCT04618718,8,8,8,7,NCT04618718:v8-v8,2025-04-21,resultsFirstSubmitDate,2025-04-21,2022-11-23,ACTUAL,2022-11-23,ACTUAL,2022-11-23,ACTUAL,2022-11-23,ACTUAL,9,9,0,73,nonfda_control
NCT05002738,4,4,4,3,NCT05002738:v4-v4,2025-05-07,resultsFirstSubmitDate,2025-05-07,2022-11-28,ACTUAL,2022-11-28,ACTUAL,2022-11-28,ACTUAL,2022-11-28,ACTUAL,5,5,0,74,fda_proxy
NCT05161351,2,2,2,1,NCT05161351:v2-v2,2023-11-03,resultsFirstSubmitDate,2024-09-20,2022-11-11,ACTUAL,2022-11-11,ACTUAL,2022-09,ESTIMATED,2022-11-11,ACTUAL,3,3,0,74,nonfda_control
NCT04523207,40,40,40,39,NCT04523207:v40-v40,2024-10-25,resultsFirstSubmitDate,2024-10-25,2023-10-23,ACTUAL,2023-10-23,ACTUAL,2023-10-23,ACTUAL,2023-10-23,ACTUAL,48,48,0,75,fda_proxy
NCT04989816,21,21,21,20,NCT04989816:v21-v21,2024-06-14,resultsFirstSubmitDate,2024-11-14,2023-06-16,ACTUAL,2023-06-16,ACTUAL,2023-06-16,ACTUAL,2023-06-16,ACTUAL,22,22,0,75,nonfda_control
NCT02692391,7,7,7,6,NCT02692391:v7-v7,2021-02-16,resultsFirstSubmitDate,2021-03-29,2019-07-19,ACTUAL,2019-07-19,ACTUAL,2019-07-19,ACTUAL,2019-07-19,ACTUAL,8,8,0,76,fda_proxy
NCT02685748,5,5,5,4,NCT02685748:v5-v5,2022-10-30,resultsFirstSubmitDate,2024-05-19,2019-12-31,ACTUAL,2019-12-31,ACTUAL,2019-12-31,ACTUAL,2019-12-31,ACTUAL,6,6,0,76,nonfda_control
NCT03967847,2,2,4,1,NCT03967847:v2-v4,2021-11-03,resultsFirstSubmitDate,2021-11-03,2020-10-14,ACTUAL,2020-10-14,ACTUAL,2020-01,ESTIMATED,2020-10-14,ACTUAL,5,3,2,77,fda_proxy
NCT04392362,2,2,2,1,NCT04392362:v2-v2,2021-05-06,resultsFirstSubmitDate,2021-06-03,2020-12-16,ACTUAL,2020-12-16,ACTUAL,2020-11-30,ESTIMATED,2020-12-16,ACTUAL,3,3,0,77,nonfda_control
NCT06229743,4,4,7,3,NCT06229743:v4-v7,2025-11-07,resultsFirstSubmitDate,2025-11-07,2024-06-10,ACTUAL,2024-06-10,ACTUAL,,,2024-06-10,ACTUAL,8,5,3,78,fda_proxy
NCT05840172,4,4,4,3,NCT05840172:v4-v4,2025-11-17,resultsFirstSubmitDate,2026-05-05,2024-10-07,ACTUAL,2024-10-07,ACTUAL,2024-10-07,ACTUAL,2024-10-07,ACTUAL,5,5,0,78,nonfda_control
NCT04599933,8,8,8,7,NCT04599933:v8-v8,2023-11-12,resultsFirstSubmitDate,2023-11-12,2022-02-11,ACTUAL,2022-02-11,ACTUAL,2022-02-11,ACTUAL,2022-02-11,ACTUAL,10,10,0,79,fda_proxy
NCT03562195,26,26,26,25,NCT03562195:v26-v26,2023-09-05,resultsFirstSubmitDate,2024-04-15,2022-09-07,ACTUAL,2022-09-07,ACTUAL,2022-09-07,ACTUAL,2022-09-07,ACTUAL,27,27,0,79,nonfda_control
NCT03788616,3,3,7,2,NCT03788616:v3-v7,2021-11-06,resultsFirstSubmitDate,2022-03-23,2019-11-17,ACTUAL,2019-11-17,ACTUAL,2019-11-17,ACTUAL,2019-11-17,ACTUAL,8,4,4,80,fda_proxy
NCT02991482,12,12,12,11,NCT02991482:v12-v12,2021-09-08,resultsFirstSubmitDate,2021-12-31,2019-02-20,ACTUAL,2019-02-20,ACTUAL,2019-06-28,ACTUAL,2019-02-20,ACTUAL,14,14,0,80,nonfda_control
NCT04837807,6,6,11,5,NCT04837807:v6-v11,2022-03-07,resultsFirstSubmitDate,2022-03-07,2021-11-19,ACTUAL,2021-11-19,ACTUAL,2021-11-19,ACTUAL,2021-11-19,ACTUAL,12,7,5,81,fda_proxy
NCT04876521,2,2,2,1,NCT04876521:v2-v2,2023-06-03,resultsFirstSubmitDate,2024-09-09,2021-06-09,ACTUAL,2021-06-09,ACTUAL,2022-04-04,ESTIMATED,2021-06-09,ACTUAL,3,3,0,81,nonfda_control
NCT03532776,4,4,6,3,NCT03532776:v4-v6,2021-04-22,resultsFirstSubmitDate,2021-04-22,2018-12-02,ACTUAL,2018-12-02,ACTUAL,2018-12-02,ACTUAL,2018-12-02,ACTUAL,7,5,2,82,fda_proxy
NCT02896127,16,16,16,15,NCT02896127:v16-v16,2020-03-18,resultsFirstSubmitDate,2020-12-04,2018-05-14,ACTUAL,2018-05-14,ACTUAL,2018-05-14,ACTUAL,2018-05-14,ACTUAL,17,17,0,82,nonfda_control
NCT04223778,28,28,28,27,NCT04223778:v28-v28,2022-08-22,resultsFirstSubmitDate,2022-08-22,2021-09-08,ACTUAL,2021-09-08,ACTUAL,2021-09-08,ACTUAL,2021-09-08,ACTUAL,35,35,0,83,fda_proxy
NCT03358875,25,25,25,24,NCT03358875:v25-v25,2025-01-16,resultsFirstSubmitDate,2025-01-16,2021-07-15,ACTUAL,2021-07-15,ACTUAL,2020-08-10,ACTUAL,2021-07-15,ACTUAL,26,26,0,83,nonfda_control
NCT04569253,5,5,8,4,NCT04569253:v5-v8,2022-04-06,resultsFirstSubmitDate,2022-04-06,2021-03-26,ACTUAL,2021-03-26,ACTUAL,2021-03-26,ACTUAL,2021-03-26,ACTUAL,9,6,3,84,fda_proxy
NCT04735705,5,5,5,4,NCT04735705:v5-v5,2022-04-12,resultsFirstSubmitDate,2023-02-11,2021-09-09,ACTUAL,2021-09-09,ACTUAL,2021-09-09,ACTUAL,2021-09-09,ACTUAL,6,6,0,84,nonfda_control
NCT02592551,13,13,13,12,NCT02592551:v13-v13,2021-10-07,resultsFirstSubmitDate,2021-12-14,2019-08-06,ACTUAL,2019-08-06,ACTUAL,2019-08-06,ACTUAL,2019-08-06,ACTUAL,16,16,0,85,fda_proxy
NCT03923933,4,4,4,3,NCT03923933:v4-v4,2020-02-05,resultsFirstSubmitDate,2020-03-02,2019-10-28,ACTUAL,2019-10-28,ACTUAL,2019-10-28,ACTUAL,2019-10-28,ACTUAL,6,6,0,85,nonfda_control
NCT03508830,5,5,6,4,NCT03508830:v5-v6,2021-04-13,resultsFirstSubmitDate,2021-04-13,2021-01-30,ACTUAL,2021-01-30,ACTUAL,2021-01-30,ACTUAL,2021-01-30,ACTUAL,7,6,1,86,fda_proxy
NCT05070468,1,1,1,0,NCT05070468:v1-v1,2022-07-03,resultsFirstSubmitDate,2024-10-26,2021-01-21,ACTUAL,2021-01-21,ACTUAL,2021-01-21,ACTUAL,2021-01-21,ACTUAL,2,2,0,86,nonfda_control
NCT03557294,8,8,9,7,NCT03557294:v8-v9,2024-08-01,resultsFirstSubmitDate,2024-08-01,2022-04-16,ACTUAL,2022-04-16,ACTUAL,2022-04-16,ACTUAL,2022-04-16,ACTUAL,10,9,1,87,fda_proxy
NCT03649061,4,4,4,3,NCT03649061:v4-v4,2023-08-03,resultsFirstSubmitDate,2025-06-04,2022-07-01,ACTUAL,2022-07-01,ACTUAL,2022-07-01,ACTUAL,2022-07-01,ACTUAL,5,5,0,87,nonfda_control
NCT04523142,7,7,9,6,NCT04523142:v7-v9,2023-07-20,resultsFirstSubmitDate,2023-07-20,2022-04-30,ACTUAL,2022-04-30,ACTUAL,2022-04-30,ACTUAL,2022-04-30,ACTUAL,10,8,2,88,fda_proxy
NCT04239027,30,30,30,29,NCT04239027:v30-v30,2023-04-28,resultsFirstSubmitDate,2024-06-03,2022-05-23,ACTUAL,2022-05-23,ACTUAL,2022-05-23,ACTUAL,2022-05-23,ACTUAL,32,32,0,88,nonfda_control
NCT06156969,1,1,1,0,NCT06156969:v1-v1,2023-12-26,resultsFirstSubmitDate,2024-03-17,2018-09-06,ACTUAL,2018-09-06,ACTUAL,2018-09-06,ACTUAL,2018-09-06,ACTUAL,2,2,0,89,fda_proxy
NCT03457909,3,3,3,2,NCT03457909:v3-v3,2019-01-09,resultsFirstSubmitDate,2019-08-21,2018-07-10,ACTUAL,2018-07-10,ACTUAL,2018-07-10,ACTUAL,2018-07-10,ACTUAL,4,4,0,89,nonfda_control
NCT03281538,9,9,9,8,NCT03281538:v9-v9,2021-09-21,resultsFirstSubmitDate,2021-09-21,2020-02-11,ACTUAL,2020-02-11,ACTUAL,2020-02-11,ACTUAL,2020-02-11,ACTUAL,10,10,0,90,fda_proxy
NCT03402841,24,24,24,23,NCT03402841:v24-v24,2021-09-14,resultsFirstSubmitDate,2021-09-14,2020-10-02,ACTUAL,2020-10-02,ACTUAL,2020-10-02,ACTUAL,2020-10-02,ACTUAL,31,31,0,90,nonfda_control
NCT02446912,14,14,14,13,NCT02446912:v14-v14,2019-11-18,resultsFirstSubmitDate,2019-11-18,2018-07-17,ACTUAL,2018-07-17,ACTUAL,2018-07-17,ACTUAL,2018-07-17,ACTUAL,16,16,0,91,fda_proxy
NCT03015220,33,33,33,32,NCT03015220:v33-v33,2019-10-15,resultsFirstSubmitDate,2019-12-06,2018-07-12,ACTUAL,2018-07-12,ACTUAL,2018-07-12,ACTUAL,2018-07-12,ACTUAL,37,37,0,91,nonfda_control
NCT03100344,10,10,10,9,NCT03100344:v10-v10,2019-07-18,resultsFirstSubmitDate,2019-10-03,2018-07-19,ACTUAL,2018-07-19,ACTUAL,2018-07-19,ACTUAL,2018-07-19,ACTUAL,11,11,0,92,fda_proxy
NCT03340961,5,5,5,4,NCT03340961:v5-v5,2020-03-24,resultsFirstSubmitDate,2020-04-11,2018-11-07,ACTUAL,2018-11-07,ACTUAL,2018-11-07,ACTUAL,2018-11-07,ACTUAL,7,7,0,92,nonfda_control
NCT03629080,19,19,21,18,NCT03629080:v19-v21,2023-06-23,resultsFirstSubmitDate,2023-06-23,2022-06-22,ACTUAL,2022-06-22,ACTUAL,2022-06-22,ACTUAL,2022-06-22,ACTUAL,22,20,2,93,fda_proxy
NCT04744207,6,6,6,5,NCT04744207:v6-v6,2023-05-26,resultsFirstSubmitDate,2024-03-06,2022-06-15,ACTUAL,2022-06-15,ACTUAL,2022-06-15,ACTUAL,2022-06-15,ACTUAL,7,7,0,93,nonfda_control
NCT04238481,20,20,20,19,NCT04238481:v20-v20,2023-01-18,resultsFirstSubmitDate,2023-01-18,2021-11-18,ACTUAL,2021-11-18,ACTUAL,2021-11-18,ACTUAL,2021-11-18,ACTUAL,23,23,0,94,fda_proxy
NCT03752970,70,70,70,69,NCT03752970:v70-v70,2023-06-30,resultsFirstSubmitDate,2023-06-30,2021-12-01,ACTUAL,2021-12-01,ACTUAL,2021-12-01,ACTUAL,2021-12-01,ACTUAL,72,72,0,94,nonfda_control
NCT04742907,13,13,14,12,NCT04742907:v13-v14,2025-03-21,resultsFirstSubmitDate,2025-04-10,2024-03-25,ACTUAL,2024-03-25,ACTUAL,2024-03-25,ACTUAL,2024-03-25,ACTUAL,15,14,1,95,fda_proxy
NCT05618782,2,2,2,1,NCT05618782:v2-v2,2025-04-02,resultsFirstSubmitDate,2025-09-16,2024-05-20,ACTUAL,2024-05-20,ACTUAL,2024-03-31,ESTIMATED,2024-05-20,ACTUAL,4,4,0,95,nonfda_control
NCT03530631,5,5,5,4,NCT03530631:v5-v5,2019-07-29,resultsFirstSubmitDate,2019-09-23,2018-12-18,ACTUAL,2018-12-18,ACTUAL,2018-12-18,ACTUAL,2018-12-18,ACTUAL,8,8,0,96,fda_proxy
NCT03291197,3,3,3,2,NCT03291197:v3-v3,2019-07-03,resultsFirstSubmitDate,2019-09-03,2018-10-14,ACTUAL,2018-10-14,ACTUAL,2018-10-14,ACTUAL,2018-10-14,ACTUAL,4,4,0,96,nonfda_control
NCT05633082,1,1,2,0,NCT05633082:v1-v2,2023-10-11,resultsFirstSubmitDate,2023-10-11,2022-09-30,ACTUAL,2022-09-30,ACTUAL,2022-09-30,ACTUAL,2022-09-30,ACTUAL,3,2,1,97,fda_proxy
NCT04826471,6,6,6,5,NCT04826471:v6-v6,2022-11-10,resultsFirstSubmitDate,2025-02-17,2022-01-05,ACTUAL,2022-01-05,ACTUAL,2022-01-05,ACTUAL,2022-01-05,ACTUAL,7,7,0,97,nonfda_control
NCT03334903,5,5,6,4,NCT03334903:v5-v6,2020-12-23,resultsFirstSubmitDate,2020-12-23,2019-04-24,ACTUAL,2019-04-24,ACTUAL,2019-04-24,ACTUAL,2019-04-24,ACTUAL,7,6,1,98,fda_proxy
NCT00982072,9,9,9,8,NCT00982072:v9-v9,2021-03-16,resultsFirstSubmitDate,2021-04-09,2019-10-10,ACTUAL,2019-10-10,ACTUAL,2019-10-10,ACTUAL,2019-10-10,ACTUAL,10,10,0,98,nonfda_control
NCT02920021,6,6,7,5,NCT02920021:v6-v7,2023-04-26,resultsFirstSubmitDate,2023-04-26,2018-03-30,ACTUAL,2018-03-30,ACTUAL,2018-03,ACTUAL,2018-03-30,ACTUAL,8,7,1,99,fda_proxy
NCT03093259,5,5,5,4,NCT03093259:v5-v5,2021-10-14,resultsFirstSubmitDate,2022-05-09,2018-07-25,ACTUAL,2018-07-25,ACTUAL,2018-06-30,ACTUAL,2018-07-25,ACTUAL,7,7,0,99,nonfda_control
NCT02748018,44,44,46,43,NCT02748018:v44-v46,2025-05-30,resultsFirstSubmitDate,2025-05-30,2024-11-01,ACTUAL,2023-11-01,ACTUAL,2025-04,ESTIMATED,2023-11-01,ACTUAL,47,45,2,100,fda_proxy
NCT05309291,10,10,10,9,NCT05309291:v10-v10,2024-06-26,resultsFirstSubmitDate,2024-10-07,2023-07-06,ACTUAL,2023-07-06,ACTUAL,2023-09-30,ESTIMATED,2023-07-06,ACTUAL,13,13,0,100,nonfda_control
NCT04224272,17,17,18,16,NCT04224272:v17-v18,2024-04-26,resultsFirstSubmitDate,2024-04-26,2023-04-28,ACTUAL,2023-04-28,ACTUAL,2023-04-28,ACTUAL,2023-04-28,ACTUAL,21,20,1,101,fda_proxy
NCT03992339,14,14,14,13,NCT03992339:v14-v14,2024-04-28,resultsFirstSubmitDate,2025-02-06,2023-05-31,ACTUAL,2023-05-31,ACTUAL,2023-12-01,ESTIMATED,2023-05-31,ACTUAL,15,15,0,101,nonfda_control
NCT03538301,52,52,54,51,NCT03538301:v52-v54,2023-10-03,resultsFirstSubmitDate,2023-10-03,2022-08-24,ACTUAL,2022-08-24,ACTUAL,2022-08-24,ACTUAL,2022-08-24,ACTUAL,55,53,2,102,fda_proxy
NCT03312738,16,16,16,15,NCT03312738:v16-v16,2023-04-17,resultsFirstSubmitDate,2023-04-17,2022-04-25,ACTUAL,2022-04-25,ACTUAL,2020-05-19,ACTUAL,2022-04-25,ACTUAL,17,17,0,102,nonfda_control
NCT02468648,29,29,29,28,NCT02468648:v29-v29,2020-02-26,resultsFirstSubmitDate,2020-03-10,2018-09-14,ACTUAL,2018-09-14,ACTUAL,2018-09-14,ACTUAL,2018-09-14,ACTUAL,30,30,0,103,fda_proxy
NCT02886624,4,4,4,3,NCT02886624:v4-v4,2019-12-06,resultsFirstSubmitDate,2020-01-20,2018-12-31,ACTUAL,2018-12-31,ACTUAL,2019-01,ESTIMATED,2018-12-31,ACTUAL,5,5,0,103,nonfda_control
NCT05007080,27,27,28,26,NCT05007080:v27-v28,2024-03-08,resultsFirstSubmitDate,2024-03-08,2023-08-14,ACTUAL,2023-08-14,ACTUAL,2023-08-14,ACTUAL,2023-08-14,ACTUAL,30,29,1,104,fda_proxy
NCT04675034,26,26,26,25,NCT04675034:v26-v26,2024-08-15,resultsFirstSubmitDate,2025-02-07,2023-08-16,ACTUAL,2023-08-16,ACTUAL,2023-08-16,ACTUAL,2023-08-16,ACTUAL,27,27,0,104,nonfda_control
NCT03934216,47,47,47,46,NCT03934216:v47-v47,2022-06-09,resultsFirstSubmitDate,2022-06-09,2021-06-13,ACTUAL,2021-06-13,ACTUAL,2021-06-13,ACTUAL,2021-06-13,ACTUAL,60,60,0,105,fda_proxy
NCT04890509,2,2,2,1,NCT04890509:v2-v2,2024-02-20,resultsFirstSubmitDate,2024-10-14,2021-05-25,ACTUAL,2021-05-25,ACTUAL,2021-05-25,ACTUAL,2021-05-25,ACTUAL,3,3,0,105,nonfda_control
NCT04968925,5,5,6,4,NCT04968925:v5-v6,2022-10-17,resultsFirstSubmitDate,2022-10-17,2021-10-25,ACTUAL,2021-10-25,ACTUAL,2021-10-25,ACTUAL,2021-10-25,ACTUAL,7,6,1,106,fda_proxy
NCT04132518,4,4,4,3,NCT04132518:v4-v4,2022-10-10,resultsFirstSubmitDate,2024-10-28,2021-07-18,ACTUAL,2021-07-18,ACTUAL,2021-10-30,ESTIMATED,2021-07-18,ACTUAL,6,6,0,106,nonfda_control
NCT02312622,11,11,11,10,NCT02312622:v11-v11,2019-08-01,resultsFirstSubmitDate,2019-08-22,2018-09-08,ACTUAL,2018-09-08,ACTUAL,2018-09,ACTUAL,2018-09-08,ACTUAL,15,15,0,107,fda_proxy
NCT02939937,1,1,1,0,NCT02939937:v1-v1,2019-01-05,resultsFirstSubmitDate,2019-07-05,2018-11-11,ACTUAL,2018-11-11,ACTUAL,2018-02,ESTIMATED,2018-11-11,ACTUAL,2,2,0,107,nonfda_control
NCT03554291,9,9,12,8,NCT03554291:v9-v12,2024-05-01,resultsFirstSubmitDate,2024-05-01,2023-07-11,ACTUAL,2023-07-11,ACTUAL,2023-07-11,ACTUAL,2023-07-11,ACTUAL,13,10,3,108,fda_proxy
NCT04907253,8,8,8,7,NCT04907253:v8-v8,2025-05-20,resultsFirstSubmitDate,2026-04-13,2023-12-01,ACTUAL,2023-12-01,ACTUAL,2023-12-01,ACTUAL,2023-12-01,ACTUAL,9,9,0,108,nonfda_control
NCT03993691,10,10,11,9,NCT03993691:v10-v11,2022-09-12,resultsFirstSubmitDate,2022-09-12,2021-11-03,ACTUAL,2021-11-03,ACTUAL,2021-11-03,ACTUAL,2021-11-03,ACTUAL,13,12,1,109,fda_proxy
NCT03632434,7,7,7,6,NCT03632434:v7-v7,2023-05-19,resultsFirstSubmitDate,2024-02-20,2021-11-26,ACTUAL,2021-11-26,ACTUAL,2021-11-26,ACTUAL,2021-11-26,ACTUAL,8,8,0,109,nonfda_control
NCT03008889,11,11,13,10,NCT03008889:v11-v13,2020-09-04,resultsFirstSubmitDate,2020-09-04,2019-09-12,ACTUAL,2019-09-12,ACTUAL,2019-09-12,ACTUAL,2019-09-12,ACTUAL,15,13,2,110,fda_proxy
NCT03769896,3,3,3,2,NCT03769896:v3-v3,2020-08-22,resultsFirstSubmitDate,2021-02-10,2019-07-15,ACTUAL,2019-07-15,ACTUAL,2019-07-15,ACTUAL,2019-07-15,ACTUAL,4,4,0,110,nonfda_control
NCT03539302,15,15,18,14,NCT03539302:v15-v18,2023-11-25,resultsFirstSubmitDate,2023-11-25,2022-01-17,ACTUAL,2022-01-17,ACTUAL,2022-01-17,ACTUAL,2022-01-17,ACTUAL,19,16,3,111,fda_proxy
NCT04693234,9,9,9,8,NCT04693234:v9-v9,2024-08-22,resultsFirstSubmitDate,2025-04-09,2022-06-16,ACTUAL,2022-06-16,ACTUAL,2022-06-16,ACTUAL,2022-06-16,ACTUAL,10,10,0,111,nonfda_control
NCT03073148,6,6,7,5,NCT03073148:v6-v7,2020-09-29,resultsFirstSubmitDate,2020-09-29,2019-02-13,ACTUAL,2019-02-13,ACTUAL,,,2019-02-13,ACTUAL,8,7,1,112,fda_proxy
NCT02963649,29,29,29,28,NCT02963649:v29-v29,2024-12-04,resultsFirstSubmitDate,2025-07-07,2019-10-07,ACTUAL,2019-10-07,ACTUAL,2019-10-07,ACTUAL,2019-10-07,ACTUAL,30,30,0,112,nonfda_control
NCT03193684,11,11,12,10,NCT03193684:v11-v12,2024-03-11,resultsFirstSubmitDate,2024-03-11,2023-01-30,ACTUAL,2023-01-30,ACTUAL,2023-01-30,ACTUAL,2023-01-30,ACTUAL,13,12,1,113,fda_proxy
NCT05397652,2,2,2,1,NCT05397652:v2-v2,2025-12-22,resultsFirstSubmitDate,2026-02-05,2023-07-21,ACTUAL,2023-07-21,ACTUAL,2023-07-21,ACTUAL,2023-07-21,ACTUAL,3,3,0,113,nonfda_control
NCT03111381,5,5,7,4,NCT03111381:v5-v7,2021-05-26,resultsFirstSubmitDate,2021-05-26,2020-06-01,ACTUAL,2020-06-01,ACTUAL,2020-06-01,ACTUAL,2020-06-01,ACTUAL,8,6,2,114,fda_proxy
NCT04487834,2,2,2,1,NCT04487834:v2-v2,2023-01-31,resultsFirstSubmitDate,2023-11-20,2020-06-30,ACTUAL,2020-06-30,ACTUAL,2020-06-30,ACTUAL,2020-06-30,ACTUAL,3,3,0,114,nonfda_control
NCT05445427,7,7,8,6,NCT05445427:v7-v8,2025-02-25,resultsFirstSubmitDate,2025-02-25,2024-03-28,ACTUAL,2024-03-28,ACTUAL,2024-03-28,ACTUAL,2024-03-28,ACTUAL,10,9,1,115,fda_proxy
NCT05456750,5,5,5,4,NCT05456750:v5-v5,2026-02-25,resultsFirstSubmitDate,2026-05-20,2024-07-31,ACTUAL,2024-07-31,ACTUAL,2024-07-31,ACTUAL,2024-07-31,ACTUAL,6,6,0,115,nonfda_control
NCT04003246,19,19,21,18,NCT04003246:v19-v21,2024-12-20,resultsFirstSubmitDate,2024-12-20,2022-06-15,ACTUAL,2022-06-15,ACTUAL,2025-08,ESTIMATED,2022-06-15,ACTUAL,22,20,2,116,fda_proxy
NCT03205761,10,10,10,9,NCT03205761:v10-v10,2023-10-26,resultsFirstSubmitDate,2024-04-30,2022-12-15,ACTUAL,2022-12-15,ACTUAL,2022-12-15,ACTUAL,2022-12-15,ACTUAL,13,13,0,116,nonfda_control
NCT03027388,170,170,173,169,NCT03027388:v170-v173,2023-08-11,resultsFirstSubmitDate,2023-08-11,2022-08-15,ACTUAL,2022-08-15,ACTUAL,2022-08-15,ACTUAL,2022-08-15,ACTUAL,174,171,3,117,fda_proxy
NCT02875132,10,10,10,9,NCT02875132:v10-v10,2025-03-04,resultsFirstSubmitDate,2025-04-16,2022-02-28,ACTUAL,2022-02-28,ACTUAL,2022-02-28,ACTUAL,2022-02-28,ACTUAL,11,11,0,117,nonfda_control
NCT02099864,14,14,14,13,NCT02099864:v14-v14,2020-10-01,resultsFirstSubmitDate,2020-12-18,2019-10-01,ACTUAL,2019-10-01,ACTUAL,2019-10-01,ACTUAL,2019-10-01,ACTUAL,22,22,0,118,fda_proxy
NCT03025880,7,7,7,6,NCT03025880:v7-v7,2022-02-03,resultsFirstSubmitDate,2022-04-12,2019-06-03,ACTUAL,2019-06-03,ACTUAL,2019-06-03,ACTUAL,2019-06-03,ACTUAL,9,9,0,118,nonfda_control
NCT03657342,26,26,27,25,NCT03657342:v26-v27,2025-09-19,resultsFirstSubmitDate,2025-09-19,2024-04-16,ACTUAL,2024-04-16,ACTUAL,2024-04-16,ACTUAL,2024-04-16,ACTUAL,28,27,1,119,fda_proxy
NCT05569174,38,38,38,37,NCT05569174:v38-v38,2025-11-14,resultsFirstSubmitDate,2025-12-01,2024-12-18,ACTUAL,2024-12-18,ACTUAL,2024-12-18,ACTUAL,2024-12-18,ACTUAL,40,40,0,119,nonfda_control
NCT03089580,5,5,5,4,NCT03089580:v5-v5,2019-08-22,resultsFirstSubmitDate,2019-09-18,2018-11-01,ACTUAL,2018-11-01,ACTUAL,2018-11-01,ACTUAL,2018-11-01,ACTUAL,6,6,0,120,fda_proxy
NCT02975804,4,4,4,3,NCT02975804:v4-v4,2019-01-31,resultsFirstSubmitDate,2019-08-05,2018-09-30,ACTUAL,2018-09-30,ACTUAL,2018-09-30,ACTUAL,2018-09-30,ACTUAL,5,5,0,120,nonfda_control
NCT03194555,16,16,17,15,NCT03194555:v16-v17,2024-01-30,resultsFirstSubmitDate,2024-01-30,2018-07-26,ACTUAL,2018-07-26,ACTUAL,2018-07-26,ACTUAL,2018-07-26,ACTUAL,18,17,1,121,fda_proxy
NCT03078582,6,6,6,5,NCT03078582:v6-v6,2019-06-19,resultsFirstSubmitDate,2020-02-25,2018-03-28,ACTUAL,2018-03-28,ACTUAL,2018-03-28,ACTUAL,2018-03-28,ACTUAL,8,8,0,121,nonfda_control
NCT03554629,7,7,9,6,NCT03554629:v7-v9,2020-08-28,resultsFirstSubmitDate,2020-08-28,2019-08-31,ACTUAL,2019-08-31,ACTUAL,2019-08-31,ACTUAL,2019-08-31,ACTUAL,11,9,2,122,fda_proxy
NCT03358251,9,9,9,8,NCT03358251:v9-v9,2020-06-14,resultsFirstSubmitDate,2020-08-17,2019-12-30,ACTUAL,2019-12-30,ACTUAL,2019-12,ESTIMATED,2019-12-30,ACTUAL,10,10,0,122,nonfda_control
NCT05451329,3,3,3,2,NCT05451329:v3-v3,2023-12-20,resultsFirstSubmitDate,2023-12-20,2022-12-22,ACTUAL,2022-12-22,ACTUAL,2022-12-22,ACTUAL,2022-12-22,ACTUAL,4,4,0,123,fda_proxy
NCT04571385,9,9,9,8,NCT04571385:v9-v9,2023-11-17,resultsFirstSubmitDate,2023-11-17,2022-12-13,ACTUAL,2022-12-13,ACTUAL,2022-12-13,ACTUAL,2022-12-13,ACTUAL,10,10,0,123,nonfda_control
NCT05409131,11,11,12,10,NCT05409131:v11-v12,2024-11-12,resultsFirstSubmitDate,2024-11-12,2023-09-14,ACTUAL,2023-09-14,ACTUAL,2023-09-14,ACTUAL,2023-09-14,ACTUAL,14,13,1,124,fda_proxy
NCT05819203,2,2,2,1,NCT05819203:v2-v2,2024-01-04,resultsFirstSubmitDate,2024-07-04,2023-05-16,ACTUAL,2023-05-16,ACTUAL,2023-05-16,ACTUAL,2023-05-16,ACTUAL,3,3,0,124,nonfda_control
NCT03510910,4,4,4,3,NCT03510910:v4-v4,2020-12-11,resultsFirstSubmitDate,2020-12-11,2019-12-01,ACTUAL,2019-12-01,ACTUAL,2019-12-01,ACTUAL,2019-12-01,ACTUAL,5,5,0,125,fda_proxy
NCT03124121,7,7,7,6,NCT03124121:v7-v7,2021-05-13,resultsFirstSubmitDate,2021-06-10,2019-09-30,ACTUAL,2019-09-30,ACTUAL,2019-09-30,ACTUAL,2019-09-30,ACTUAL,9,9,0,125,nonfda_control
NCT03936699,2,2,4,1,NCT03936699:v2-v4,2021-10-25,resultsFirstSubmitDate,2021-10-25,2019-05-30,ACTUAL,2019-05-30,ACTUAL,2019-05-30,ACTUAL,2019-05-30,ACTUAL,5,3,2,126,fda_proxy
NCT03430986,7,7,7,6,NCT03430986:v7-v7,2020-12-04,resultsFirstSubmitDate,2020-12-04,2019-12-04,ACTUAL,2019-12-04,ACTUAL,2019-12-04,ACTUAL,2019-12-04,ACTUAL,8,8,0,126,nonfda_control
NCT02437318,39,39,39,38,NCT02437318:v39-v39,2019-06-17,resultsFirstSubmitDate,2019-07-22,2018-06-12,ACTUAL,2018-06-12,ACTUAL,2018-06-12,ACTUAL,2018-06-12,ACTUAL,69,69,0,127,fda_proxy
NCT02892344,8,8,8,7,NCT02892344:v8-v8,2019-05-29,resultsFirstSubmitDate,2019-07-31,2018-11-05,ACTUAL,2018-11-05,ACTUAL,2018-11-22,ESTIMATED,2018-11-05,ACTUAL,11,11,0,127,nonfda_control
NCT05438277,4,4,4,3,NCT05438277:v4-v4,2023-02-07,resultsFirstSubmitDate,2023-02-07,2022-08-31,ACTUAL,2022-08-31,ACTUAL,2022-08-31,ACTUAL,2022-08-31,ACTUAL,5,5,0,128,fda_proxy
NCT02777580,12,12,12,11,NCT02777580:v12-v12,2024-01-23,resultsFirstSubmitDate,2024-07-09,2022-10-13,ACTUAL,2022-10-13,ACTUAL,2022-10-13,ACTUAL,2022-10-13,ACTUAL,13,13,0,128,nonfda_control
NCT04429555,13,13,14,12,NCT04429555:v13-v14,2024-10-08,resultsFirstSubmitDate,2024-10-08,2022-06-30,ACTUAL,2022-06-30,ACTUAL,2022-06-30,ACTUAL,2022-06-30,ACTUAL,15,14,1,129,fda_proxy
NCT03733314,29,29,29,28,NCT03733314:v29-v29,2025-03-03,resultsFirstSubmitDate,2025-04-01,2022-03-16,ACTUAL,2022-03-16,ACTUAL,2022-03-16,ACTUAL,2022-03-16,ACTUAL,30,30,0,129,nonfda_control
NCT03452488,11,11,12,10,NCT03452488:v11-v12,2024-01-16,resultsFirstSubmitDate,2024-01-16,2020-04-26,ACTUAL,2020-04-26,ACTUAL,2020-12-30,ACTUAL,2020-04-26,ACTUAL,13,12,1,130,fda_proxy
NCT04452435,6,6,6,5,NCT04452435:v6-v6,2021-03-24,resultsFirstSubmitDate,2021-04-28,2020-10-13,ACTUAL,2020-10-13,ACTUAL,2020-10-13,ACTUAL,2020-10-13,ACTUAL,8,8,0,130,nonfda_control
NCT04230213,22,22,23,21,NCT04230213:v22-v23,2022-06-17,resultsFirstSubmitDate,2022-06-17,2021-06-22,ACTUAL,2021-06-22,ACTUAL,2021-06-22,ACTUAL,2021-06-22,ACTUAL,25,24,1,131,fda_proxy
NCT05175131,1,1,1,0,NCT05175131:v1-v1,2022-04-26,resultsFirstSubmitDate,2023-03-21,2021-05-18,ACTUAL,2021-05-18,ACTUAL,2021-05-18,ACTUAL,2021-05-18,ACTUAL,3,3,0,131,nonfda_control
NCT03103542,18,18,20,17,NCT03103542:v18-v20,2021-08-03,resultsFirstSubmitDate,2021-08-03,2019-09-04,ACTUAL,2019-09-04,ACTUAL,2019-09-04,ACTUAL,2019-09-04,ACTUAL,23,21,2,132,fda_proxy
NCT03403374,14,14,14,13,NCT03403374:v14-v14,2020-10-09,resultsFirstSubmitDate,2020-10-09,2019-11-27,ACTUAL,2019-11-27,ACTUAL,2019-11-27,ACTUAL,2019-11-27,ACTUAL,18,18,0,132,nonfda_control
NCT03599713,24,24,24,23,NCT03599713:v24-v24,2023-04-07,resultsFirstSubmitDate,2023-04-07,2022-01-21,ACTUAL,2022-01-21,ACTUAL,2022-01-21,ACTUAL,2022-01-21,ACTUAL,31,31,0,133,fda_proxy
NCT04704531,5,5,5,4,NCT04704531:v5-v5,2025-06-06,resultsFirstSubmitDate,2026-02-11,2022-06-08,ACTUAL,2022-06-08,ACTUAL,2022-06-08,ACTUAL,2022-06-08,ACTUAL,6,6,0,133,nonfda_control
NCT04042376,48,48,48,47,NCT04042376:v48-v48,2025-03-14,resultsFirstSubmitDate,2025-03-27,2024-03-19,ACTUAL,2024-03-19,ACTUAL,2024-03-19,ACTUAL,2024-03-19,ACTUAL,51,51,0,134,fda_proxy
NCT05442554,8,8,8,7,NCT05442554:v8-v8,2025-08-10,resultsFirstSubmitDate,2025-08-10,2024-08-09,ACTUAL,2024-08-09,ACTUAL,2024-08-09,ACTUAL,2024-08-09,ACTUAL,10,10,0,134,nonfda_control
NCT03278028,6,6,6,5,NCT03278028:v6-v6,2019-03-07,resultsFirstSubmitDate,2019-03-07,2018-03-01,ACTUAL,2018-03-01,ACTUAL,2018-03-01,ACTUAL,2018-03-01,ACTUAL,8,8,0,135,fda_proxy
NCT03455491,1,1,1,0,NCT03455491:v1-v1,2019-02-18,resultsFirstSubmitDate,2019-10-14,2018-06-28,ACTUAL,2018-06-28,ACTUAL,2019-01-31,ESTIMATED,2018-06-28,ACTUAL,2,2,0,135,nonfda_control
NCT03905265,11,11,15,10,NCT03905265:v11-v15,2023-05-14,resultsFirstSubmitDate,2023-05-14,2022-02-28,ACTUAL,2022-02-28,ACTUAL,2022-02-28,ACTUAL,2022-02-28,ACTUAL,16,12,4,136,fda_proxy
NCT04623255,1,1,1,0,NCT04623255:v1-v1,2023-11-24,resultsFirstSubmitDate,2024-05-10,2022-01-31,ACTUAL,2022-01-31,ACTUAL,2021-10-15,ESTIMATED,2022-01-31,ACTUAL,2,2,0,136,nonfda_control
NCT04396756,11,11,12,10,NCT04396756:v11-v12,2024-02-15,resultsFirstSubmitDate,2024-02-15,2023-02-01,ACTUAL,2023-02-01,ACTUAL,2023-02-01,ACTUAL,2023-02-01,ACTUAL,14,13,1,137,fda_proxy
NCT04732494,10,10,10,9,NCT04732494:v10-v10,2024-12-23,resultsFirstSubmitDate,2024-12-23,2023-02-01,ACTUAL,2023-02-01,ACTUAL,2023-02-01,ACTUAL,2023-02-01,ACTUAL,11,11,0,137,nonfda_control
NCT05192200,15,15,16,14,NCT05192200:v15-v16,2024-11-12,resultsFirstSubmitDate,2024-11-12,2023-11-20,ACTUAL,2023-11-20,ACTUAL,2023-11-20,ACTUAL,2023-11-20,ACTUAL,17,16,1,138,fda_proxy
NCT05116085,11,11,11,10,NCT05116085:v11-v11,2025-12-22,resultsFirstSubmitDate,2026-01-28,2023-09-26,ACTUAL,2023-09-26,ACTUAL,2023-09-26,ACTUAL,2023-09-26,ACTUAL,12,12,0,138,nonfda_control
NCT02034110,81,81,81,80,NCT02034110:v81-v81,2022-07-04,resultsFirstSubmitDate,2023-07-24,2021-12-10,ACTUAL,2021-12-10,ACTUAL,2021-12-10,ACTUAL,2021-12-10,ACTUAL,82,82,0,139,fda_proxy
NCT03463876,7,7,7,6,NCT03463876:v7-v7,2023-04-18,resultsFirstSubmitDate,2026-02-13,2021-03-10,ACTUAL,2021-03-10,ACTUAL,2021-03-10,ACTUAL,2021-03-10,ACTUAL,8,8,0,139,nonfda_control
NCT04467840,48,48,51,47,NCT04467840:v48-v51,2023-01-28,resultsFirstSubmitDate,2023-01-28,2021-07-18,ACTUAL,2021-07-18,ACTUAL,2021-07-18,ACTUAL,2021-07-18,ACTUAL,53,50,3,140,fda_proxy
NCT04109547,55,55,55,54,NCT04109547:v55-v55,2022-09-21,resultsFirstSubmitDate,2023-09-04,2021-09-23,ACTUAL,2021-09-23,ACTUAL,2021-09-23,ACTUAL,2021-09-23,ACTUAL,57,57,0,140,nonfda_control
NCT03219320,10,10,11,9,NCT03219320:v10-v11,2020-05-15,resultsFirstSubmitDate,2020-05-15,2018-11-02,ACTUAL,2018-11-02,ACTUAL,2018-11-02,ACTUAL,2018-11-02,ACTUAL,12,11,1,141,fda_proxy
NCT03295318,5,5,5,4,NCT03295318:v5-v5,2021-08-10,resultsFirstSubmitDate,2021-08-10,2018-08-31,ACTUAL,2018-08-31,ACTUAL,2018-08-31,ACTUAL,2018-08-31,ACTUAL,7,7,0,141,nonfda_control
NCT06259331,2,2,4,1,NCT06259331:v2-v4,2024-05-10,resultsFirstSubmitDate,2024-05-10,2023-09-20,ACTUAL,2023-09-20,ACTUAL,2023-09-20,ACTUAL,2023-09-20,ACTUAL,5,3,2,142,fda_proxy
NCT04524442,24,24,24,23,NCT04524442:v24-v24,2024-11-09,resultsFirstSubmitDate,2025-01-23,2023-11-18,ACTUAL,2023-11-18,ACTUAL,2023-11-18,ACTUAL,2023-11-18,ACTUAL,25,25,0,142,nonfda_control
NCT03904043,26,26,26,25,NCT03904043:v26-v26,2025-05-27,resultsFirstSubmitDate,2025-05-27,2024-08-21,ACTUAL,2024-08-21,ACTUAL,2024-08-21,ACTUAL,2024-08-21,ACTUAL,29,29,0,143,fda_proxy
NCT07337135,1,1,1,0,NCT07337135:v1-v1,2026-01-15,resultsFirstSubmitDate,2026-02-22,2024-04-19,ACTUAL,2024-04-19,ACTUAL,2024-04-19,ACTUAL,2024-04-19,ACTUAL,2,2,0,143,nonfda_control
NCT04565990,43,43,43,42,NCT04565990:v43-v43,2024-10-28,resultsFirstSubmitDate,2024-10-28,2023-11-10,ACTUAL,2023-11-10,ACTUAL,2023-11-10,ACTUAL,2023-11-10,ACTUAL,49,49,0,144,fda_proxy
NCT03748953,26,26,26,25,NCT03748953:v26-v26,2024-11-28,resultsFirstSubmitDate,2025-03-19,2023-12-06,ACTUAL,2023-12-06,ACTUAL,2023-11-29,ACTUAL,2023-12-06,ACTUAL,27,27,0,144,nonfda_control
NCT02824627,6,6,10,5,NCT02824627:v6-v10,2022-02-28,resultsFirstSubmitDate,2022-02-28,2021-08-10,ACTUAL,2021-08-10,ACTUAL,2022-01,ESTIMATED,2021-08-10,ACTUAL,12,8,4,145,fda_proxy
NCT02788773,25,25,25,24,NCT02788773:v25-v25,2022-10-05,resultsFirstSubmitDate,2023-08-25,2021-11-22,ACTUAL,2021-11-22,ACTUAL,2021-11-22,ACTUAL,2021-11-22,ACTUAL,32,32,0,145,nonfda_control
NCT06186960,3,3,6,2,NCT06186960:v3-v6,2025-12-19,resultsFirstSubmitDate,2025-12-19,2024-11-20,ACTUAL,2024-11-20,ACTUAL,2024-11-20,ACTUAL,2024-11-20,ACTUAL,8,5,3,146,fda_proxy
NCT05119582,4,4,4,3,NCT05119582:v4-v4,2024-07-18,resultsFirstSubmitDate,2024-07-18,2024-01-17,ACTUAL,2024-01-17,ACTUAL,2024-01-01,ESTIMATED,2024-01-17,ACTUAL,5,5,0,146,nonfda_control
NCT04231825,4,4,5,3,NCT04231825:v4-v5,2021-08-11,resultsFirstSubmitDate,2021-08-11,2020-08-15,ACTUAL,2020-08-15,ACTUAL,2020-08-15,ACTUAL,2020-08-15,ACTUAL,7,6,1,147,fda_proxy
NCT03542019,5,5,5,4,NCT03542019:v5-v5,2021-09-08,resultsFirstSubmitDate,2021-11-03,2020-12-31,ACTUAL,2020-12-31,ACTUAL,2020-12-31,ACTUAL,2020-12-31,ACTUAL,6,6,0,147,nonfda_control
NCT02805972,9,9,12,8,NCT02805972:v9-v12,2021-07-15,resultsFirstSubmitDate,2021-07-15,2018-07-25,ACTUAL,2018-07-25,ACTUAL,2018-07-25,ACTUAL,2018-07-25,ACTUAL,13,10,3,148,fda_proxy
NCT03152019,7,7,7,6,NCT03152019:v7-v7,2020-06-12,resultsFirstSubmitDate,2020-06-12,2018-11-08,ACTUAL,2018-11-08,ACTUAL,2018-11-08,ACTUAL,2018-11-08,ACTUAL,8,8,0,148,nonfda_control
NCT02952222,11,11,13,10,NCT02952222:v11-v13,2023-05-25,resultsFirstSubmitDate,2023-05-25,2019-09-11,ACTUAL,2019-09-11,ACTUAL,2023-07-11,ESTIMATED,2019-09-11,ACTUAL,14,12,2,149,fda_proxy
NCT03374358,5,5,5,4,NCT03374358:v5-v5,2021-05-19,resultsFirstSubmitDate,2021-06-15,2019-11-02,ACTUAL,2019-11-02,ACTUAL,2019-11-02,ACTUAL,2019-11-02,ACTUAL,8,8,0,149,nonfda_control
NCT02357979,13,13,13,12,NCT02357979:v13-v13,2020-12-08,resultsFirstSubmitDate,2020-12-08,2020-01-31,ACTUAL,2020-01-31,ACTUAL,2020-01-31,ACTUAL,2020-01-31,ACTUAL,15,15,0,150,fda_proxy
NCT03983109,1,1,1,0,NCT03983109:v1-v1,2021-08-25,resultsFirstSubmitDate,2024-01-25,2020-06-01,ACTUAL,2020-06-01,ACTUAL,2019-09,ESTIMATED,2020-06-01,ACTUAL,2,2,0,150,nonfda_control
NCT05096247,8,8,9,7,NCT05096247:v8-v9,2023-10-17,resultsFirstSubmitDate,2023-10-17,2022-09-13,ACTUAL,2022-09-13,ACTUAL,2022-09-13,ACTUAL,2022-09-13,ACTUAL,10,9,1,151,fda_proxy
NCT05353777,2,2,2,1,NCT05353777:v2-v2,2025-01-06,resultsFirstSubmitDate,2025-05-09,2022-08-29,ACTUAL,2022-08-29,ACTUAL,2022-08-29,ACTUAL,2022-08-29,ACTUAL,3,3,0,151,nonfda_control
NCT04008069,5,5,6,4,NCT04008069:v5-v6,2023-08-28,resultsFirstSubmitDate,2023-08-28,2022-07-26,ACTUAL,2022-07-26,ACTUAL,2022-09-20,ACTUAL,2022-07-26,ACTUAL,7,6,1,152,fda_proxy
NCT04615429,4,4,4,3,NCT04615429:v4-v4,2024-11-19,resultsFirstSubmitDate,2026-02-23,2022-01-01,ACTUAL,2022-01-01,ACTUAL,2022-01,ESTIMATED,2022-01-01,ACTUAL,5,5,0,152,nonfda_control
NCT03392532,4,4,4,3,NCT03392532:v4-v4,2019-01-07,resultsFirstSubmitDate,2019-01-07,2018-01-26,ACTUAL,2018-01-26,ACTUAL,2018-01-26,ACTUAL,2018-01-26,ACTUAL,5,5,0,153,fda_proxy
NCT02771522,4,4,4,3,NCT02771522:v4-v4,2019-02-19,resultsFirstSubmitDate,2019-02-26,2018-06-05,ACTUAL,2018-06-05,ACTUAL,2018-06-26,ESTIMATED,2018-06-05,ACTUAL,5,5,0,153,nonfda_control
NCT04046250,4,4,5,3,NCT04046250:v4-v5,2021-04-14,resultsFirstSubmitDate,2021-04-14,2019-10-10,ACTUAL,2019-10-10,ACTUAL,2019-10-10,ACTUAL,2019-10-10,ACTUAL,7,6,1,154,fda_proxy
NCT03368235,21,21,21,20,NCT03368235:v21-v21,2020-09-11,resultsFirstSubmitDate,2020-09-11,2019-11-12,ACTUAL,2019-11-12,ACTUAL,2019-11-12,ACTUAL,2019-11-12,ACTUAL,22,22,0,154,nonfda_control
NCT04795622,17,17,18,16,NCT04795622:v17-v18,2023-01-18,resultsFirstSubmitDate,2023-01-18,2022-01-18,ACTUAL,2022-01-18,ACTUAL,2022-01-18,ACTUAL,2022-01-18,ACTUAL,20,19,1,155,fda_proxy
NCT04973332,4,4,4,3,NCT04973332:v4-v4,2025-12-29,resultsFirstSubmitDate,2026-02-09,2022-04-07,ACTUAL,2022-04-07,ACTUAL,2022-04-07,ACTUAL,2022-04-07,ACTUAL,5,5,0,155,nonfda_control
NCT02535572,6,6,6,5,NCT02535572:v6-v6,2020-09-30,resultsFirstSubmitDate,2021-02-03,2019-06-10,ACTUAL,2019-06-10,ACTUAL,2019-06-10,ACTUAL,2019-06-10,ACTUAL,7,7,0,156,fda_proxy
NCT03321097,5,5,5,4,NCT03321097:v5-v5,2019-06-27,resultsFirstSubmitDate,2020-06-21,2019-05-07,ACTUAL,2019-05-07,ACTUAL,2019-03,ESTIMATED,2019-05-07,ACTUAL,6,6,0,156,nonfda_control
NCT03090256,8,8,8,7,NCT03090256:v8-v8,2019-08-30,resultsFirstSubmitDate,2019-08-30,2018-02-13,ACTUAL,2018-02-13,ACTUAL,,,2018-02-13,ACTUAL,9,9,0,157,fda_proxy
NCT03611491,2,2,2,1,NCT03611491:v2-v2,2024-12-17,resultsFirstSubmitDate,2025-03-10,2018-11-19,ACTUAL,2018-11-19,ACTUAL,2018-11-19,ACTUAL,2018-11-19,ACTUAL,3,3,0,157,nonfda_control
NCT04027439,2,2,3,1,NCT04027439:v2-v3,2020-12-03,resultsFirstSubmitDate,2020-12-03,2019-05-23,ACTUAL,2019-05-23,ACTUAL,2019-05-23,ACTUAL,2019-05-23,ACTUAL,5,4,1,158,fda_proxy
NCT03988335,6,6,6,5,NCT03988335:v6-v6,2021-11-01,resultsFirstSubmitDate,2021-12-10,2019-11-05,ACTUAL,2019-11-05,ACTUAL,2019-11-05,ACTUAL,2019-11-05,ACTUAL,8,8,0,158,nonfda_control
NCT04291066,3,3,6,2,NCT04291066:v3-v6,2024-06-27,resultsFirstSubmitDate,2024-06-27,2020-04-30,ACTUAL,2020-04-30,ACTUAL,2020-04-30,ACTUAL,2020-04-30,ACTUAL,7,4,3,159,fda_proxy
NCT03636893,9,9,9,8,NCT03636893:v9-v9,2020-06-03,resultsFirstSubmitDate,2020-06-03,2020-03-31,ACTUAL,2020-03-31,ACTUAL,2020-03-31,ACTUAL,2020-03-31,ACTUAL,12,12,0,159,nonfda_control
NCT03541174,35,35,38,34,NCT03541174:v35-v38,2022-11-08,resultsFirstSubmitDate,2022-11-08,2021-05-14,ACTUAL,2021-05-14,ACTUAL,2021-05-14,ACTUAL,2021-05-14,ACTUAL,39,36,3,160,fda_proxy
NCT03676192,4,4,4,3,NCT03676192:v4-v4,2024-04-19,resultsFirstSubmitDate,2025-02-19,2021-04-22,ACTUAL,2021-04-22,ACTUAL,2021-04-22,ACTUAL,2021-04-22,ACTUAL,5,5,0,160,nonfda_control
NCT03503162,3,3,6,2,NCT03503162:v3-v6,2020-09-14,resultsFirstSubmitDate,2020-09-14,2019-05-20,ACTUAL,2019-05-20,ACTUAL,2019-05-20,ACTUAL,2019-05-20,ACTUAL,7,4,3,161,fda_proxy
NCT04018924,3,3,3,2,NCT04018924:v3-v3,2021-03-26,resultsFirstSubmitDate,2021-04-28,2019-11-17,ACTUAL,2019-11-17,ACTUAL,2019-11-17,ACTUAL,2019-11-17,ACTUAL,4,4,0,161,nonfda_control
NCT03912233,9,9,9,8,NCT03912233:v9-v9,2021-10-13,resultsFirstSubmitDate,2023-03-29,2019-12-10,ACTUAL,2019-12-10,ACTUAL,2019-10-22,ACTUAL,2019-12-10,ACTUAL,10,10,0,162,fda_proxy
NCT03229252,12,12,12,11,NCT03229252:v12-v12,2019-08-26,resultsFirstSubmitDate,2019-12-06,2019-06-20,ACTUAL,2019-06-20,ACTUAL,2019-06-20,ESTIMATED,2019-06-20,ACTUAL,13,13,0,162,nonfda_control
NCT04657016,26,26,27,25,NCT04657016:v26-v27,2024-04-16,resultsFirstSubmitDate,2024-04-16,2023-04-20,ACTUAL,2023-04-20,ACTUAL,2023-04-20,ACTUAL,2023-04-20,ACTUAL,28,27,1,163,fda_proxy
NCT04934072,7,7,7,6,NCT04934072:v7-v7,2024-08-06,resultsFirstSubmitDate,2025-02-06,2023-08-07,ACTUAL,2023-08-07,ACTUAL,2023-08-07,ACTUAL,2023-08-07,ACTUAL,8,8,0,163,nonfda_control
NCT04109222,4,4,4,3,NCT04109222:v4-v4,2020-11-20,resultsFirstSubmitDate,2020-11-20,2019-12-10,ACTUAL,2019-12-10,ACTUAL,2019-12-10,ACTUAL,2019-12-10,ACTUAL,8,8,0,164,fda_proxy
NCT03020992,20,20,20,19,NCT03020992:v20-v20,2020-12-02,resultsFirstSubmitDate,2020-12-02,2019-12-04,ACTUAL,2019-12-04,ACTUAL,2019-12-04,ACTUAL,2019-12-04,ACTUAL,23,23,0,164,nonfda_control
NCT03583333,105,105,105,104,NCT03583333:v105-v105,2023-05-26,resultsFirstSubmitDate,2023-06-27,2022-07-12,ACTUAL,2022-07-12,ACTUAL,2022-07-12,ACTUAL,2022-07-12,ACTUAL,107,107,0,165,fda_proxy
NCT03528681,26,26,26,25,NCT03528681:v26-v26,2023-09-14,resultsFirstSubmitDate,2025-05-13,2022-09-15,ACTUAL,2022-09-15,ACTUAL,2022-09-15,ACTUAL,2022-09-15,ACTUAL,27,27,0,165,nonfda_control
NCT05126563,7,7,8,6,NCT05126563:v7-v8,2024-10-04,resultsFirstSubmitDate,2024-10-04,2024-04-02,ACTUAL,2024-04-02,ACTUAL,2024-04-02,ACTUAL,2024-04-02,ACTUAL,10,9,1,166,fda_proxy
NCT03806452,11,11,11,10,NCT03806452:v11-v11,2025-04-07,resultsFirstSubmitDate,2025-04-28,2024-05-30,ACTUAL,2024-05-30,ACTUAL,2024-05-30,ACTUAL,2024-05-30,ACTUAL,12,12,0,166,nonfda_control
NCT05903495,4,4,5,3,NCT05903495:v4-v5,2025-08-21,resultsFirstSubmitDate,2025-08-21,2023-10-17,ACTUAL,2023-10-17,ACTUAL,2023-10-17,ACTUAL,2023-10-17,ACTUAL,6,5,1,167,fda_proxy
NCT05814471,2,2,2,1,NCT05814471:v2-v2,2025-04-11,resultsFirstSubmitDate,2025-07-10,2023-09-27,ACTUAL,2023-09-27,ACTUAL,2024-09-30,ESTIMATED,2023-09-27,ACTUAL,3,3,0,167,nonfda_control
NCT03235739,13,13,15,12,NCT03235739:v13-v15,2022-09-14,resultsFirstSubmitDate,2023-02-23,2021-05-31,ACTUAL,2021-05-31,ACTUAL,2021-05-31,ACTUAL,2021-05-31,ACTUAL,16,14,2,168,fda_proxy
NCT03431584,13,13,13,12,NCT03431584:v13-v13,2023-10-30,resultsFirstSubmitDate,2025-09-09,2021-05-28,ACTUAL,2021-05-28,ACTUAL,2021-05-28,ACTUAL,2021-05-28,ACTUAL,15,15,0,168,nonfda_control
NCT03348423,2,2,2,1,NCT03348423:v2-v2,2023-04-28,resultsFirstSubmitDate,2023-04-28,2018-01-18,ACTUAL,2018-01-18,ACTUAL,2018-01-18,ACTUAL,2018-01-18,ACTUAL,3,3,0,169,fda_proxy
NCT03444584,6,6,6,5,NCT03444584:v6-v6,2019-12-05,resultsFirstSubmitDate,2020-01-07,2018-12-06,ACTUAL,2018-12-06,ACTUAL,2018-12-06,ACTUAL,2018-12-06,ACTUAL,7,7,0,169,nonfda_control
NCT03086460,6,6,7,5,NCT03086460:v6-v7,2021-06-17,resultsFirstSubmitDate,2021-06-17,2018-07-23,ACTUAL,2018-07-23,ACTUAL,2018-07-23,ACTUAL,2018-07-23,ACTUAL,8,7,1,170,fda_proxy
NCT02991859,15,15,15,14,NCT02991859:v15-v15,2019-12-19,resultsFirstSubmitDate,2020-03-26,2018-12-20,ACTUAL,2018-12-20,ACTUAL,2018-12-20,ACTUAL,2018-12-20,ACTUAL,17,17,0,170,nonfda_control
NCT02513485,12,12,12,11,NCT02513485:v12-v12,2022-02-28,resultsFirstSubmitDate,2022-05-13,2020-02-21,ACTUAL,2020-02-21,ACTUAL,2020-02-21,ACTUAL,2020-02-21,ACTUAL,14,14,0,171,fda_proxy
NCT02668016,5,5,5,4,NCT02668016:v5-v5,2021-11-09,resultsFirstSubmitDate,2024-08-01,2020-10-31,ACTUAL,2020-10-31,ACTUAL,2020-03-15,ACTUAL,2020-10-31,ACTUAL,6,6,0,171,nonfda_control
NCT03900845,8,8,9,7,NCT03900845:v8-v9,2025-12-17,resultsFirstSubmitDate,2025-12-17,2022-06-28,ACTUAL,2022-06-28,ACTUAL,2022-06-28,ACTUAL,2022-06-28,ACTUAL,10,9,1,172,fda_proxy
NCT05076045,5,5,5,4,NCT05076045:v5-v5,2023-07-20,resultsFirstSubmitDate,2024-11-28,2022-10-01,ACTUAL,2022-10-01,ACTUAL,2022-10-01,ACTUAL,2022-10-01,ACTUAL,6,6,0,172,nonfda_control
NCT03532295,29,29,30,28,NCT03532295:v29-v30,2025-07-11,resultsFirstSubmitDate,2025-07-11,2024-07-26,ACTUAL,2024-07-26,ACTUAL,2024-07-26,ACTUAL,2024-07-26,ACTUAL,32,31,1,173,fda_proxy
NCT04431713,2,2,2,1,NCT04431713:v2-v2,2025-05-12,resultsFirstSubmitDate,2025-06-18,2024-03-22,ACTUAL,2024-03-22,ACTUAL,2022-04-26,ESTIMATED,2024-03-22,ACTUAL,3,3,0,173,nonfda_control
NCT02544113,6,6,6,5,NCT02544113:v6-v6,2021-02-22,resultsFirstSubmitDate,2021-05-05,2018-06-26,ACTUAL,2018-06-26,ACTUAL,2020-09,ESTIMATED,2018-06-26,ACTUAL,7,7,0,174,fda_proxy
NCT02630693,17,17,17,16,NCT02630693:v17-v17,2019-02-20,resultsFirstSubmitDate,2019-08-06,2018-08-15,ACTUAL,2018-08-15,ACTUAL,2018-08-15,ACTUAL,2018-08-15,ACTUAL,23,23,0,174,nonfda_control
NCT03430245,3,3,3,2,NCT03430245:v3-v3,2019-12-10,resultsFirstSubmitDate,2019-12-10,2019-05-30,ACTUAL,2019-05-30,ACTUAL,2019-05-30,ESTIMATED,2019-05-30,ACTUAL,5,5,0,175,fda_proxy
NCT04147442,2,2,2,1,NCT04147442:v2-v2,2020-07-28,resultsFirstSubmitDate,2021-08-17,2019-11-30,ACTUAL,2019-11-30,ACTUAL,2019-11-30,ACTUAL,2019-11-30,ACTUAL,3,3,0,175,nonfda_control
NCT03340350,3,3,4,2,NCT03340350:v3-v4,2020-05-20,resultsFirstSubmitDate,2020-05-20,2018-06-01,ACTUAL,2018-06-01,ACTUAL,2018-06-01,ACTUAL,2018-06-01,ACTUAL,6,5,1,176,fda_proxy
NCT02874066,10,10,10,9,NCT02874066:v10-v10,2019-02-10,resultsFirstSubmitDate,2019-05-10,2018-10-30,ACTUAL,2018-10-30,ACTUAL,2018-10-30,ESTIMATED,2018-10-30,ACTUAL,11,11,0,176,nonfda_control
NCT03878758,2,2,2,1,NCT03878758:v2-v2,2019-10-31,resultsFirstSubmitDate,2020-02-24,2019-04-30,ACTUAL,2019-04-30,ACTUAL,2019-04-30,ACTUAL,2019-04-30,ACTUAL,3,3,0,177,fda_proxy
NCT03289052,3,3,3,2,NCT03289052:v3-v3,2020-11-04,resultsFirstSubmitDate,2021-02-19,2019-01-30,ACTUAL,2019-01-30,ACTUAL,2019-01-30,ACTUAL,2019-01-31,ACTUAL,6,6,0,177,nonfda_control
NCT02134028,71,71,71,70,NCT02134028:v71-v71,2020-10-05,resultsFirstSubmitDate,2020-10-28,2019-10-11,ACTUAL,2019-10-11,ACTUAL,2019-10-11,ACTUAL,2019-10-11,ACTUAL,73,73,0,178,fda_proxy
NCT02866175,14,14,14,13,NCT02866175:v14-v14,2020-04-07,resultsFirstSubmitDate,2020-04-24,2019-06-06,ACTUAL,2019-06-06,ACTUAL,2019-06-06,ACTUAL,2019-06-06,ACTUAL,15,15,0,178,nonfda_control
NCT04146363,29,29,30,28,NCT04146363:v29-v30,2022-06-20,resultsFirstSubmitDate,2022-06-20,2021-06-21,ACTUAL,2021-06-21,ACTUAL,2021-06-21,ACTUAL,2021-06-21,ACTUAL,32,31,1,179,fda_proxy
NCT03436693,6,6,6,5,NCT03436693:v6-v6,2023-03-30,resultsFirstSubmitDate,2024-01-28,2021-01-21,ACTUAL,2021-01-21,ACTUAL,2021-01-21,ACTUAL,2021-01-21,ACTUAL,8,8,0,179,nonfda_control
NCT04506775,8,8,11,7,NCT04506775:v8-v11,2025-02-05,resultsFirstSubmitDate,2025-02-05,2024-04-18,ACTUAL,2024-04-18,ACTUAL,2024-04-18,ACTUAL,2024-04-18,ACTUAL,12,9,3,180,fda_proxy
NCT06050720,7,7,7,6,NCT06050720:v7-v7,2025-12-05,resultsFirstSubmitDate,2026-04-21,2024-08-31,ACTUAL,2024-08-31,ACTUAL,2024-08-31,ACTUAL,2024-08-31,ACTUAL,9,9,0,180,nonfda_control
NCT05252871,3,3,6,2,NCT05252871:v3-v6,2023-12-13,resultsFirstSubmitDate,2023-12-13,2022-06-06,ACTUAL,2022-06-06,ACTUAL,2022-06-06,ACTUAL,2022-06-06,ACTUAL,7,4,3,181,fda_proxy
NCT05307887,3,3,3,2,NCT05307887:v3-v3,2023-04-14,resultsFirstSubmitDate,2024-03-06,2022-10-11,ACTUAL,2022-10-11,ACTUAL,2022-10,ESTIMATED,2022-10-11,ACTUAL,4,4,0,181,nonfda_control
NCT03901339,35,35,35,34,NCT03901339:v35-v35,2024-09-25,resultsFirstSubmitDate,2024-09-25,2023-10-20,ACTUAL,2023-10-20,ACTUAL,2023-10-20,ACTUAL,2023-10-20,ACTUAL,36,36,0,182,fda_proxy
NCT05338086,9,9,9,8,NCT05338086:v9-v9,2024-12-10,resultsFirstSubmitDate,2025-03-17,2023-12-14,ACTUAL,2023-12-14,ACTUAL,2023-12-14,ACTUAL,2023-12-14,ACTUAL,10,10,0,182,nonfda_control
NCT05478525,8,8,9,7,NCT05478525:v8-v9,2025-01-15,resultsFirstSubmitDate,2025-01-15,2023-03-14,ACTUAL,2023-03-14,ACTUAL,2023-03-14,ACTUAL,2023-03-14,ACTUAL,10,9,1,183,fda_proxy
NCT04683029,37,37,37,36,NCT04683029:v37-v37,2024-05-14,resultsFirstSubmitDate,2024-10-03,2023-05-17,ACTUAL,2023-05-17,ACTUAL,2023-05-17,ACTUAL,2023-05-17,ACTUAL,46,46,0,183,nonfda_control
NCT02019667,50,50,50,49,NCT02019667:v50-v50,2019-11-21,resultsFirstSubmitDate,2020-02-18,2019-01-31,ACTUAL,2019-01-31,ACTUAL,2019-01-31,ACTUAL,2019-01-31,ACTUAL,51,51,0,184,fda_proxy
NCT03799783,2,2,2,1,NCT03799783:v2-v2,2020-11-27,resultsFirstSubmitDate,2020-12-22,2019-02-28,ACTUAL,2019-02-28,ACTUAL,2019-02-28,ACTUAL,2019-02-28,ACTUAL,4,4,0,184,nonfda_control
NCT02935634,46,46,46,45,NCT02935634:v46-v46,2023-05-09,resultsFirstSubmitDate,2023-05-09,2022-05-11,ACTUAL,2022-05-11,ACTUAL,2023-05-21,ESTIMATED,2022-05-11,ACTUAL,47,47,0,185,fda_proxy
NCT03083041,3,3,3,2,NCT03083041:v3-v3,2023-05-05,resultsFirstSubmitDate,2026-03-02,2022-04-22,ACTUAL,2022-04-22,ACTUAL,2022-04-22,ACTUAL,2022-04-22,ACTUAL,4,4,0,185,nonfda_control
NCT04506502,1,1,2,0,NCT04506502:v1-v2,2025-04-07,resultsFirstSubmitDate,2025-04-07,2021-05-18,ACTUAL,2021-05-18,ACTUAL,2021-05,ESTIMATED,2021-05-18,ACTUAL,3,2,1,186,fda_proxy
NCT04761926,2,2,2,1,NCT04761926:v2-v2,2022-11-28,resultsFirstSubmitDate,2025-07-11,2021-02-24,ACTUAL,2021-02-24,ACTUAL,2021-02-24,ACTUAL,2021-02-24,ACTUAL,3,3,0,186,nonfda_control
NCT05443256,6,6,8,5,NCT05443256:v6-v8,2024-11-06,resultsFirstSubmitDate,2024-11-06,2023-11-17,ACTUAL,2023-11-17,ACTUAL,2023-11-17,ACTUAL,2023-11-17,ACTUAL,9,7,2,187,fda_proxy
NCT04683887,5,5,5,4,NCT04683887:v5-v5,2024-08-02,resultsFirstSubmitDate,2025-08-11,2023-03-23,ACTUAL,2023-03-23,ACTUAL,2023-03-23,ACTUAL,2023-03-23,ACTUAL,7,7,0,187,nonfda_control
NCT03149055,8,8,8,7,NCT03149055:v8-v8,2020-08-05,resultsFirstSubmitDate,2020-08-05,2019-08-20,ACTUAL,2019-08-20,ACTUAL,2021-05,ESTIMATED,2019-08-20,ACTUAL,13,13,0,188,fda_proxy
NCT03095274,15,15,15,14,NCT03095274:v15-v15,2023-05-17,resultsFirstSubmitDate,2024-11-25,2019-11-30,ACTUAL,2019-11-30,ACTUAL,2019-11-30,ACTUAL,2019-11-30,ACTUAL,16,16,0,188,nonfda_control
NCT03264157,8,8,8,7,NCT03264157:v8-v8,2020-01-30,resultsFirstSubmitDate,2020-01-30,2018-03-02,ACTUAL,2018-03-02,ACTUAL,2018-07-13,ACTUAL,2018-03-02,ACTUAL,10,10,0,189,fda_proxy
NCT03723980,2,2,2,1,NCT03723980:v2-v2,2018-11-04,resultsFirstSubmitDate,2019-03-03,2018-04-24,ACTUAL,2018-04-24,ACTUAL,2018-04-24,ACTUAL,2018-04-24,ACTUAL,3,3,0,189,nonfda_control
NCT02286726,27,27,27,26,NCT02286726:v27-v27,2020-12-11,resultsFirstSubmitDate,2021-01-08,2020-01-22,ACTUAL,2020-01-22,ACTUAL,2020-01-22,ACTUAL,2020-01-22,ACTUAL,44,44,0,190,fda_proxy
NCT04011033,1,1,1,0,NCT04011033:v1-v1,2021-12-23,resultsFirstSubmitDate,2024-09-28,2020-03-01,ACTUAL,2020-03-01,ACTUAL,2020-12-31,ESTIMATED,2020-03-01,ACTUAL,2,2,0,190,nonfda_control
NCT05373862,9,9,9,8,NCT05373862:v9-v9,2024-02-13,resultsFirstSubmitDate,2024-02-13,2023-02-20,ACTUAL,2023-02-20,ACTUAL,2023-02-20,ACTUAL,2023-02-20,ACTUAL,13,13,0,191,fda_proxy
NCT05626686,3,3,3,2,NCT05626686:v3-v3,2023-10-23,resultsFirstSubmitDate,2023-10-23,2023-03-30,ACTUAL,2023-03-30,ACTUAL,2023-03-30,ACTUAL,2023-03-30,ACTUAL,4,4,0,191,nonfda_control
NCT03095352,16,16,16,15,NCT03095352:v16-v16,2025-11-30,resultsFirstSubmitDate,2025-11-30,2024-11-30,ACTUAL,2024-11-30,ACTUAL,2024-11-30,ACTUAL,2024-11-30,ACTUAL,17,17,0,192,fda_proxy
NCT04245085,22,22,22,21,NCT04245085:v22-v22,2026-02-11,resultsFirstSubmitDate,2026-04-20,2024-07-22,ACTUAL,2024-07-22,ACTUAL,2024-07-22,ACTUAL,2024-07-22,ACTUAL,24,24,0,192,nonfda_control
NCT03136965,9,9,10,8,NCT03136965:v9-v10,2023-08-14,resultsFirstSubmitDate,2023-08-14,2022-08-15,ACTUAL,2022-08-15,ACTUAL,2022-08-15,ACTUAL,2022-08-15,ACTUAL,11,10,1,193,fda_proxy
NCT03613740,12,12,12,11,NCT03613740:v12-v12,2024-05-29,resultsFirstSubmitDate,2024-09-25,2022-01-30,ACTUAL,2022-01-30,ACTUAL,2022-01-30,ACTUAL,2022-01-30,ACTUAL,13,13,0,193,nonfda_control
NCT04566731,9,9,12,8,NCT04566731:v9-v12,2025-06-30,resultsFirstSubmitDate,2025-06-30,2024-07-01,ACTUAL,2024-07-01,ACTUAL,2024-07-01,ACTUAL,2024-07-01,ACTUAL,13,10,3,194,fda_proxy
NCT05483517,5,5,5,4,NCT05483517:v5-v5,2024-11-19,resultsFirstSubmitDate,2025-02-21,2024-04-08,ACTUAL,2024-04-08,ACTUAL,2024-08-30,ESTIMATED,2024-04-08,ACTUAL,6,6,0,194,nonfda_control
NCT03669146,7,7,9,6,NCT03669146:v7-v9,2024-04-18,resultsFirstSubmitDate,2024-04-18,2023-01-05,ACTUAL,2023-01-05,ACTUAL,2023-01-05,ACTUAL,2023-01-05,ACTUAL,10,8,2,195,fda_proxy
NCT05417009,3,3,3,2,NCT05417009:v3-v3,2024-10-03,resultsFirstSubmitDate,2025-07-10,2023-07-21,ACTUAL,2023-07-21,ACTUAL,2023-07-21,ACTUAL,2023-07-21,ACTUAL,4,4,0,195,nonfda_control
NCT05526716,10,10,12,9,NCT05526716:v10-v12,2024-06-12,resultsFirstSubmitDate,2024-06-12,2023-06-21,ACTUAL,2023-06-21,ACTUAL,2023-06-21,ACTUAL,2023-06-21,ACTUAL,15,13,2,196,fda_proxy
NCT04878354,18,18,18,17,NCT04878354:v18-v18,2024-05-28,resultsFirstSubmitDate,2025-01-20,2023-07-31,ACTUAL,2023-07-31,ACTUAL,2023-07-31,ACTUAL,2023-07-31,ACTUAL,19,19,0,196,nonfda_control
NCT03387852,32,32,32,31,NCT03387852:v32-v32,2022-03-03,resultsFirstSubmitDate,2022-03-03,2019-03-21,ACTUAL,2019-03-21,ACTUAL,2019-03-21,ACTUAL,2019-03-21,ACTUAL,34,34,0,197,fda_proxy
NCT03178669,5,5,5,4,NCT03178669:v5-v5,2020-11-13,resultsFirstSubmitDate,2021-01-12,2019-08-30,ACTUAL,2019-08-30,ACTUAL,2019-09,ESTIMATED,2019-08-30,ACTUAL,6,6,0,197,nonfda_control
NCT06144918,2,2,6,1,NCT06144918:v2-v6,2025-05-21,resultsFirstSubmitDate,2025-05-21,2024-02-22,ACTUAL,2024-02-22,ACTUAL,2024-02-22,ACTUAL,2024-02-22,ACTUAL,7,3,4,198,fda_proxy
NCT05508074,6,6,6,5,NCT05508074:v6-v6,2025-06-19,resultsFirstSubmitDate,2025-09-17,2024-11-14,ACTUAL,2024-11-14,ACTUAL,2024-11-14,ACTUAL,2024-11-14,ACTUAL,7,7,0,198,nonfda_control
NCT04466891,29,29,29,28,NCT04466891:v29-v29,2024-07-28,resultsFirstSubmitDate,2024-07-28,2023-07-28,ACTUAL,2023-07-28,ACTUAL,2023-07-28,ACTUAL,2023-07-28,ACTUAL,31,31,0,199,fda_proxy
NCT04570332,6,6,6,5,NCT04570332:v6-v6,2024-12-06,resultsFirstSubmitDate,2025-11-14,2023-10-03,ACTUAL,2023-10-03,ACTUAL,2023-10-03,ACTUAL,2023-10-03,ACTUAL,7,7,0,199,nonfda_control
NCT03835078,3,3,4,2,NCT03835078:v3-v4,2020-05-12,resultsFirstSubmitDate,2020-05-12,2019-03-27,ACTUAL,2019-03-27,ACTUAL,2019-03-27,ACTUAL,2019-03-27,ACTUAL,5,4,1,200,fda_proxy
NCT03809910,6,6,6,5,NCT03809910:v6-v6,2020-08-07,resultsFirstSubmitDate,2020-09-14,2019-08-09,ACTUAL,2019-08-09,ACTUAL,2019-08-09,ACTUAL,2019-08-09,ACTUAL,7,7,0,200,nonfda_control
NCT02334722,26,26,26,25,NCT02334722:v26-v26,2021-10-05,resultsFirstSubmitDate,2021-12-14,2020-10-07,ACTUAL,2020-10-07,ACTUAL,2020-10-07,ACTUAL,2020-10-07,ACTUAL,27,27,0,201,fda_proxy
NCT03122431,4,4,4,3,NCT03122431:v4-v4,2021-03-01,resultsFirstSubmitDate,2021-12-15,2020-12-30,ACTUAL,2020-12-30,ACTUAL,2020-06-01,ACTUAL,2020-12-30,ACTUAL,5,5,0,201,nonfda_control
