nct_id,versions
NCT00411632,25
NCT00982072,10
NCT01307501,24
NCT01792115,103
NCT02019667,51
NCT02034110,82
NCT02099864,22
NCT02134028,73
NCT02264574,13
NCT02274493,15
NCT02286726,44
NCT02297139,35
NCT02312622,15
NCT02334722,27
NCT02357979,15
NCT02419508,17
NCT02437318,69
NCT02446912,16
NCT02468648,30
NCT02471144,30
NCT02513485,14
NCT02534909,29
NCT02535572,7
NCT02544113,7
NCT02592551,16
NCT02630693,23
NCT02662062,12
NCT02666742,9
NCT02668016,6
NCT02685748,6
NCT02692391,8
NCT02748018,47
NCT02771522,5
NCT02777580,13
NCT02788773,32
NCT02796391,34
NCT02805972,13
NCT02824627,12
NCT02842749,18
NCT02866175,15
NCT02874066,11
NCT02875132,11
NCT02886624,5
NCT02892344,11
NCT02896127,17
NCT02899962,37
NCT02920021,8
NCT02935634,47
NCT02939937,2
NCT02941627,4
NCT02952222,14
NCT02963649,30
NCT02970877,9
NCT02975804,5
NCT02989844,22
NCT02991482,14
NCT02991859,17
NCT03006471,13
NCT03008889,15
NCT03015220,37
NCT03020992,23
NCT03025880,9
NCT03027388,174
NCT03030989,7
NCT03051256,12
NCT03053362,5
NCT03064217,15
NCT03073148,8
NCT03077711,4
NCT03078582,8
NCT03080142,8
NCT03083041,4
NCT03084237,7
NCT03086460,8
NCT03089580,6
NCT03090256,9
NCT03093259,7
NCT03095274,16
NCT03095352,17
NCT03100344,11
NCT03103542,23
NCT03111381,8
NCT03122431,5
NCT03124121,9
NCT03127514,44
NCT03136965,11
NCT03149055,13
NCT03152019,8
NCT03178669,6
NCT03190694,5
NCT03193684,13
NCT03194555,18
NCT03205761,13
NCT03219320,12
NCT03219892,2
NCT03221660,9
NCT03222856,10
NCT03223909,4
NCT03226418,23
NCT03229252,13
NCT03235739,16
NCT03241459,19
NCT03261167,39
NCT03264157,10
NCT03278028,8
NCT03281538,10
NCT03282799,12
NCT03283241,5
NCT03289052,6
NCT03291197,4
NCT03295318,7
NCT03312738,17
NCT03315949,3
NCT03318393,10
NCT03321097,6
NCT03321396,5
NCT03334396,35
NCT03334903,7
NCT03340350,6
NCT03340961,7
NCT03348423,3
NCT03358251,10
NCT03358875,26
NCT03367793,12
NCT03368235,22
NCT03374358,8
NCT03378921,6
NCT03387852,34
NCT03388190,11
NCT03392532,5
NCT03402841,31
NCT03403374,18
NCT03403517,8
NCT03430245,5
NCT03430986,8
NCT03431584,15
NCT03436693,8
NCT03444584,7
NCT03446027,9
NCT03452488,13
NCT03455491,2
NCT03457909,4
NCT03463876,8
NCT03476317,12
NCT03486457,32
NCT03503162,7
NCT03505788,7
NCT03508830,7
NCT03510910,5
NCT03512301,12
NCT03523702,15
NCT03528551,90
NCT03528681,27
NCT03530631,8
NCT03532295,32
NCT03532776,7
NCT03538301,55
NCT03539302,19
NCT03539549,5
NCT03541174,39
NCT03542019,6
NCT03550209,10
NCT03554291,13
NCT03554629,11
NCT03557294,10
NCT03562195,27
NCT03583333,107
NCT03599713,31
NCT03611491,3
NCT03613740,13
NCT03614494,7
NCT03629080,22
NCT03632434,8
NCT03636893,12
NCT03645421,6
NCT03649061,5
NCT03651336,5
NCT03657342,28
NCT03669146,10
NCT03671330,42
NCT03672344,11
NCT03676192,5
NCT03689114,5
NCT03696108,31
NCT03706209,3
NCT03711188,6
NCT03723980,3
NCT03733314,30
NCT03747497,6
NCT03748953,27
NCT03752970,72
NCT03753113,6
NCT03769896,4
NCT03788616,8
NCT03799783,4
NCT03802617,4
NCT03806452,12
NCT03809910,7
NCT03813199,7
NCT03835078,5
NCT03837938,3
NCT03845075,5
NCT03846544,9
NCT03855137,28
NCT03873493,11
NCT03878745,3
NCT03878758,3
NCT03888131,6
NCT03890666,33
NCT03897465,5
NCT03900715,13
NCT03900845,10
NCT03901339,36
NCT03904043,29
NCT03905265,16
NCT03912233,10
NCT03923933,6
NCT03934216,60
NCT03936699,5
NCT03943589,14
NCT03967847,5
NCT03978520,40
NCT03983109,2
NCT03988335,8
NCT03988608,22
NCT03992339,15
NCT03992846,13
NCT03993691,13
NCT03996148,4
NCT04003246,22
NCT04004221,11
NCT04007406,5
NCT04008069,7
NCT04011033,2
NCT04018924,4
NCT04027439,5
NCT04042376,51
NCT04046250,7
NCT04063163,5
NCT04072315,7
NCT04091672,35
NCT04102956,2
NCT04109222,8
NCT04109547,57
NCT04132518,6
NCT04144517,14
NCT04146363,32
NCT04147442,3
NCT04153409,4
NCT04163991,24
NCT04181723,25
NCT04196686,5
NCT04198363,13
NCT04205669,3
NCT04223778,35
NCT04224272,21
NCT04230213,25
NCT04231825,7
NCT04231981,16
NCT04238481,23
NCT04239027,32
NCT04245085,24
NCT04249778,8
NCT04291066,7
NCT04315272,10
NCT04373460,31
NCT04392362,3
NCT04396756,14
NCT04405037,10
NCT04410159,5
NCT04429555,15
NCT04431713,3
NCT04433585,53
NCT04452435,8
NCT04464707,85
NCT04466891,31
NCT04467840,53
NCT04471246,7
NCT04487834,3
NCT04506502,3
NCT04506775,12
NCT04516759,17
NCT04523142,10
NCT04523207,48
NCT04524442,25
NCT04532931,7
NCT04556981,11
NCT04565990,49
NCT04566731,13
NCT04569253,9
NCT04570332,7
NCT04571385,10
NCT04593940,35
NCT04598295,7
NCT04599296,11
NCT04599933,10
NCT04615429,5
NCT04618718,9
NCT04623255,2
NCT04627038,27
NCT04633564,3
NCT04649177,6
NCT04657016,28
NCT04675034,27
NCT04681729,19
NCT04683029,46
NCT04683887,7
NCT04688346,3
NCT04693234,10
NCT04704531,6
NCT04714216,7
NCT04732494,11
NCT04735705,6
NCT04742907,15
NCT04744207,7
NCT04761926,3
NCT04766892,20
NCT04780919,3
NCT04795622,20
NCT04801368,11
NCT04826471,7
NCT04837807,12
NCT04876521,3
NCT04878354,19
NCT04889118,13
NCT04890509,3
NCT04905290,12
NCT04907253,9
NCT04934072,8
NCT04968925,7
NCT04969822,6
NCT04973332,5
NCT04989816,22
NCT05002738,5
NCT05007080,30
NCT05055453,5
NCT05070468,2
NCT05076045,6
NCT05084963,10
NCT05096247,10
NCT05116085,12
NCT05116241,14
NCT05119582,5
NCT05126563,10
NCT05161351,3
NCT05175131,3
NCT05192200,17
NCT05252871,7
NCT05257148,3
NCT05298774,8
NCT05307887,4
NCT05309291,13
NCT05330234,5
NCT05338086,10
NCT05353777,3
NCT05363163,4
NCT05373862,13
NCT05397652,3
NCT05409131,14
NCT05417009,4
NCT05425927,13
NCT05438277,5
NCT05442554,10
NCT05443256,9
NCT05445427,10
NCT05451329,4
NCT05456750,6
NCT05460832,8
NCT05472870,3
NCT05478525,10
NCT05480111,4
NCT05483517,6
NCT05508074,7
NCT05526716,15
NCT05533190,6
NCT05569174,40
NCT05618782,4
NCT05626686,4
NCT05633082,3
NCT05648201,4
NCT05757427,5
NCT05807945,2
NCT05814471,3
NCT05819203,3
NCT05840172,5
NCT05892341,6
NCT05903495,6
NCT05999435,20
NCT06050720,9
NCT06077656,7
NCT06144918,7
NCT06156969,2
NCT06186960,8
NCT06229743,8
NCT06259331,5
NCT06279871,8
NCT06357221,5
NCT06495775,3
NCT07145541,3
NCT07337135,2
